CY	Μπογάζι/Bogazi	5731	33.95220	35.30073
CY	Χελώνες/Chelones	5878	34.42226	35.60654
CY	Δασάκι 'Αχνας/Dasaki Achnas	5523	33.88537	35.11474
CY	Δαυλός/Davlos	5765	33.90663	35.40934
CY	Δερύνεια/Deryneia	5380	33.99704	35.03951
CY	Δερύνεια Κάτω/Deryneia Kato	5370	33.92823	35.06482
CY	Έγκωμη/Egkomi	5627	33.88943	35.15514
CY	Επτακώμη/Eptakomi	5824	34.03088	35.45432
CY	Φλαμούδι/Flamoudi	5771	33.83178	35.38573
CY	Φρέναρος/Frenaros	5350	33.90823	35.03029
CY	Γαϊδουράς	5624	33.78748	35.15423
CY	Γαλάτεια/Galateia	5825	34.07006	35.42173
CY	Γαληνόπορνη/Galinoporni	5874	34.28615	35.52520
CY	Γαστριά/Gastria	5727	34.00945	35.33763
CY	Γέναγρα/Genagra	5655	33.69492	35.21295
CY	Γεράνι/Gerani	5764	33.90844	35.34486
CY	Γιαλούσα	5800	34.17916	35.53867
CY	Γούφες/Goufes	5625	33.68808	35.28748
CY	Γύψου/Gypsou	5626	33.78431	35.26851
CY	Καλοψίδα/Kalopsida	5563	33.80306	35.10311
CY	Καντάρα/Kantara	5766	33.89880	35.37976
CY	Κνώδαρα/Knodara	5656	33.65779	35.27118
CY	Κοιλάνεμος/Koilanemos	5826	34.13071	35.48260
CY	Κώμα του Γιαλού/Koma Tou Gialou	5827	34.13817	35.41833
CY	Κώμη Κεπήρ/Komi Kepir	5828	33.99540	35.41396
CY	Κοντέα/Kontea	5564	33.72081	35.08503
CY	Κορνόκηπος/Kornokipos	5657	33.57500	35.28333
CY	Κορόβεια/Koroveia	5875	34.33251	35.52011
CY	Κούκλια/Kouklia	5565	33.75514	35.09741
CY	Κρίδεια/Krideia	5767	33.96289	35.40772
CY	Λάπαθος/Lapathos	5728	33.80834	35.26169
CY	Λευκόνοικο/Lefkonoiko	5600	33.73521	35.25964
CY	Λιβάδια/Leivadia	5729	34.03634	35.40351
CY	Λεονάρισσο/Leonarisso	5829	34.15367	35.47680
CY	Λιμνιά/Limnia	5628	33.86250	35.19375
CY	Λιοπέτρι/Liopetri	5320	33.89641	34.99816
CY	Λύση/Lysi	5540	33.67530	35.08512
CY	Λυθράγκωμη/Lythragkomi	5830	34.18276	35.45759
CY	Μακράσυκα/Makrasyka	5566	33.77169	35.06833
CY	Μάνδρες Τρικώμου/Mandres Trikomou	5768	33.80819	35.35375
CY	Μαράθα/Maratha	5629	33.77746	35.20240
CY	Μαραθόβουνος/Marathovounos	5650	33.63228	35.23051
CY	Μελάναργα/Melanarga	5831	34.20277	35.51127
CY	Μελούντα/Melounta	5630	33.69262	35.34105
CY	Μηλιά/Milia	5631	33.79455	35.22915
CY	Μοναργά/Monarga	5730	33.91676	35.31426
CY	Μονή Αγίου Κενδέα/Moni Agiou Kendea	5524	33.88334	35.12692
CY	Μονή Αποστόλου Ανδρέα/Moni Apostolou Andrea	5873	34.52295	35.65276
CY	Μονή Αποστόλου Βαρνάβα/Moni Apostolou Varnava	5632	33.75705	35.24485
CY	Μονή Παναγίας Ελεούσας/Moni Panagias Eleousas	5877	34.38753	35.55088
CY	Μουσουλίτα/Mousoulita	5658	33.63886	35.19010
CY	Νέτα/Neta	5832	34.23209	35.46161
CY	Όβγορος/Ovgoros	5769	33.93608	35.37265
CY	Παραλίμνι/Paralimni	5280	33.98330	35.03330
CY	Παραλίμνι/Paralimni	5297	33.98330	35.03330
CY	Πατρίκι/Patriki	5732	33.98329	35.36757
CY	Περιστερώνα/Peristerona	5633	33.74168	35.21284
CY	Περιβόλια Τρικώμου/Perivolia Trikomou	5733	33.91574	35.26959
CY	Πηγή/Pigi	5634	33.77085	35.21212
CY	Πλατάνι/Platani	5770	33.75775	35.32581
CY	Πλατανισσός/Platanissos	5833	34.09665	35.46484
CY	Πραστιό/Prastio	5635	33.74584	35.16253
CY	Ψυλλάτος/Psyllatos	5661	33.68863	35.24615
CY	Πυργά/Pyrga	5659	33.70836	35.18331
CY	Ριζοκάρπασο/Rizokarpaso	5850	34.40379	35.61108
CY	Σαλαμίνα/Salamina	5636	33.77611	35.18349
CY	Σανταλάρης/Santalaris	5637	33.80415	35.20209
CY	Σίντα/Sinta	5567	33.70059	35.15370
CY	Σωτήρα/Sotira	5390	33.95000	35.02984
CY	Σπαθαρικό/Spathariko	5734	33.85045	35.22915
CY	Σταθμός Κορόβειας/Stathmos Koroveias	5876	34.34767	35.55358
CY	Στρογγυλός/Strongylos	5568	33.63678	35.15289
CY	Στροβίλι/Strovili	5525	33.83989	35.12884
CY	Στύλλοι/Stylloi	5638	33.83539	35.15747
CY	Σύγκραση/Sygkrasi	5735	33.85439	35.26989
CY	Ταύρου/Tavrou	5834	34.08360	35.40658
CY	Τρίκωμο/Trikomo	5700	33.89760	35.28579
CY	Τρυπημένη/Trypimeni	5660	33.63551	35.29583
CY	Τζιάος	5654	33.60025	35.24797
CY	Βασίλι/Vasili	5823	34.15032	35.45385
CY	Βατιλή/Vatili	5562	33.65320	35.12870
CY	Βιτσάδα/Vitsada	5653	33.65304	35.23458
CY	Βοκολίδα/Vokolida	5726	34.08806	35.38187
CY	Βοθύλακας/Vothylakas	5822	34.18333	35.48052
CY	Βρυσούλες/Vrysoules	5522	33.89656	35.09127
CY	Αγία Ειρήνη/Agia Eirini	9610	32.97716	35.29648
CY	Άγιος Αμβρόσιος/Agios Amvrosios	9560	33.57301	35.32601
CY	Άγιος Επίκτητος/Agios Epiktitos	9500	33.38889	35.31239
CY	Άγιος Ερμόλαος/Agios Ermolaos	9611	33.16670	35.26118
CY	Άγιος Γεώργιος/Agios Georgios	9390	33.20830	35.32900
CY	Αγριδάκι/Agridaki	9612	33.14168	35.30446
CY	Αγύρτα	9541	33.26982	35.26098
CY	Αρμενομονάστηρο/Armenomonastiro	9570	33.65243	35.31320
CY	Ασώματος/Asomatos	9613	33.08433	35.26328
CY	Μπελαπαΐς/Belapais	9514	33.35313	35.28892
CY	Χαλεύκα/Chalefka	9576	33.49863	35.30588
CY	Χάρτζια	9577	33.53375	35.30865
CY	Δίκωμο Κάτω/Dikomo Kato	9530	33.30603	35.25376
CY	Δίκωμο Πάνω/Dikomo Pano	9540	33.34065	35.25568
CY	Διόριος/Diorios	9614	33.03750	35.28594
CY	Ελιά/Elia	9632	33.22726	35.33995
CY	Φότα/Fota	9551	33.21985	35.24690
CY	Φτέριχα/Fterrcha	9639	33.22085	35.31250
CY	Καλογραία/Kalograia	9571	33.63465	35.33606
CY	Καμπυλή/Kampyli	9615	33.10489	35.30265
CY	Καράκουμι/Karakoumi	9512	33.34883	35.32249
CY	Καραβάς/Karavas	9200	33.19036	35.33879
CY	Κάρμι/Karmi	9513	33.24585	35.32369
CY	Καρπάσεια/Karpaseia	9616	33.06918	35.29078
CY	Καζάφανι/Kazafani	9511	33.35818	35.32000
CY	Κιουμουρτζιού/Kioumourtziou	9543	33.25000	35.26678
CY	Κλεπίνη/Klepini	9572	33.42890	35.29185
CY	Κοντεμένος/Kontemenos	9617	33.12488	35.26768
CY	Κορμακίτης/Kormakitis	9618	32.99158	35.31818
CY	Κουτσοβέντης/Koutsoventis	9544	33.42313	35.26155
CY	Κρηνί/Krini	9545	33.23333	35.28125
CY	Λάπηθος/Lapithos	9300	33.17243	35.32570
CY	Λάρνακας Λαπήθου/Larnakas Lapithou	9619	33.13972	35.30913
CY	Λιβερά/Livera	9633	32.95764	35.36709
CY	Μονή Αχειροποιήτου/Moni Acheiropoiitou	9634	32.99210	35.35860
CY	Μονή Αγίου Χρυσοστόμου/Moni Agiou Chrysostomou	9546	33.27105	35.29887
CY	Μονή Αγίου Παντελεήμονος/Moni Agiou Panteleimonos	9621	33.18406	35.28614
CY	Μονή Αντιφωνητή/Moni Antifoniti	9573	33.42570	35.32051
CY	Μονή Παναγίας Μελανδρίνας/Moni Panagias Melandrinas	9574	33.45139	35.31677
CY	Μότηδες/Motides	9635	33.21259	35.34094
CY	Μύρτου/Myrtou	9600	33.08377	35.30584
CY	Ονίσια/Onisia	9547	33.32345	35.29144
CY	Όρκα	9636	33.03497	35.34099
CY	Παλιόσοφος/Palaiosofos	9637	33.19549	35.31274
CY	Πάναγρα/Panagra	9638	33.06622	35.33570
CY	Πυλέρι/Pyleri	9548	33.21125	35.28750
CY	Σίσκληπος/Sisklipos	9620	33.16773	35.29535
CY	Σταθμός Μπογαζίου/Stathmos Bogaziou	9550	33.29558	35.26902
CY	Συγχαρί/Synchari	9549	33.40161	35.28059
CY	Τέμπλος/Templos	9515	33.30017	35.32614
CY	Θέρμεια/Thermeia	9510	33.32489	35.30981
CY	Τράπεζα/Trapeza	9575	33.46889	35.30113
CY	Τριμίθι/Trimithi	9516	33.27375	35.32621
CY	Βασίλεια/Vasileia	9631	33.11971	35.33104
CY	Βαβυλάς/Vavylas	9630	33.13267	35.35094
CY	Βουνό/Vouno	9542	33.37625	35.26293
CY	Αγία 'Αννα/Agia Anna	7641	33.48445	34.92465
CY	Αγίοι Βαβατσινίας/Agioi Vavatsinias	7711	33.17988	34.86642
CY	Άγιος Θεόδωρος Σκαρίνου/Agios Theodoros Skarinou	7730	33.38630	34.77842
CY	Αλαμινός/Alaminos	7572	33.44097	34.78257
CY	Αλεθρικό/Alethriko	7570	33.50000	34.86251
CY	Αναφωτίδα/Anafotida	7573	33.45974	34.80774
CY	Αγγλικός Στρατός Δεκέλειας/Anglikos Stratos Dekeleias	6370	33.73780	34.98167
CY	Αγγλισίδες/Anglisides	7571	33.44165	34.86047
CY	Απλάντα/Aplanta	7574	33.48469	34.80927
CY	Αραδίππου/Aradippou	7100	33.61717	34.92494
CY	Αραδίππου/Aradippou	7101	33.61717	34.92494
CY	Αραδίππου/Aradippou	7102	33.61717	34.92494
CY	Αραδίππου/Aradippou	7103	33.61717	34.92494
CY	Αραδίππου/Aradippou	7104	33.61717	34.92494
CY	Άρσος Λάρνακας/Arsos Larnakas	7620	33.63740	35.07603
CY	Αθιένου/Athienou	7600	33.55624	35.05311
CY	Αβδελλερό/Avdellero	7501	33.56454	34.99932
CY	Χοιροκοιτία/Choirokoitia	7741	33.34828	34.83725
CY	Δεκέλεια/Dekeleia	7502	33.72500	34.98333
CY	Δελίκηπος/Delikipos	7642	33.36210	34.90586
CY	Δράπεια/Drapeia	7722	33.28573	34.80376
CY	Δρομολαξιά/Dromolaxia	7020	33.62116	34.89807
CY	Δρυς Κάτω/Drys Kato	7714	33.28561	34.86091
CY	Καλαβασός/Kalavasos	7733	33.28658	34.76688
CY	Καλό Χωριό Λάρνακας/Kalo Chorio Larnakas	7643	33.53419	34.91864
CY	Κελλιά/Kellia	7503	33.61091	34.95625
CY	Κίτι/Kiti	7550	33.58497	34.87073
CY	Κιβισίλι/Kivisili	7575	33.49809	34.82240
CY	Κλαυδιά/Klavdia	7576	33.50681	34.88448
CY	Κοφίνου/Kofinou	7735	33.39535	34.83099
CY	Κόρνος/Kornos	7640	33.40637	34.90717
CY	Κόση/Kosi	7621	33.61620	35.06040
CY	Λάγεια/Lageia	7715	33.23660	34.83889
CY	Λάρνακα/Larnaka	6010	33.63845	34.93532
CY	Λάρνακα/Larnaka	6011	33.63845	34.93532
CY	Λάρνακα/Larnaka	6012	33.63845	34.93532
CY	Λάρνακα/Larnaka	6013	33.63845	34.93532
CY	Λάρνακα/Larnaka	6015	33.63845	34.93532
CY	Λάρνακα/Larnaka	6016	33.63845	34.93532
CY	Λάρνακα/Larnaka	6017	33.63845	34.93532
CY	Λάρνακα/Larnaka	6018	33.63845	34.93532
CY	Λάρνακα/Larnaka	6019	33.63845	34.93532
CY	Λάρνακα/Larnaka	6020	33.63845	34.93532
CY	Λάρνακα/Larnaka	6021	33.63845	34.93532
CY	Λάρνακα/Larnaka	6022	33.63845	34.93532
CY	Λάρνακα/Larnaka	6023	33.63845	34.93532
CY	Λάρνακα/Larnaka	6025	33.63845	34.93532
CY	Λάρνακα/Larnaka	6026	33.63845	34.93532
CY	Λάρνακα/Larnaka	6027	33.63845	34.93532
CY	Λάρνακα/Larnaka	6028	33.63845	34.93532
CY	Λάρνακα/Larnaka	6030	33.63845	34.93532
CY	Λάρνακα/Larnaka	6031	33.63845	34.93532
CY	Λάρνακα/Larnaka	6035	33.63845	34.93532
CY	Λάρνακα/Larnaka	6036	33.63845	34.93532
CY	Λάρνακα/Larnaka	6037	33.63845	34.93532
CY	Λάρνακα/Larnaka	6040	33.63845	34.93532
CY	Λάρνακα/Larnaka	6041	33.63845	34.93532
CY	Λάρνακα/Larnaka	6042	33.63845	34.93532
CY	Λάρνακα/Larnaka	6043	33.63845	34.93532
CY	Λάρνακα/Larnaka	6045	33.63845	34.93532
CY	Λάρνακα/Larnaka	6046	33.63845	34.93532
CY	Λάρνακα/Larnaka	6047	33.63845	34.93532
CY	Λάρνακα/Larnaka	6050	33.63845	34.93532
CY	Λάρνακα/Larnaka	6051	33.63845	34.93532
CY	Λάρνακα/Larnaka	6052	33.63845	34.93532
CY	Λάρνακα/Larnaka	6053	33.63845	34.93532
CY	Λάρνακα/Larnaka	6055	33.63845	34.93532
CY	Λάρνακα/Larnaka	6056	33.63845	34.93532
CY	Λάρνακα/Larnaka	6057	33.63845	34.93532
CY	Λάρνακα/Larnaka	6058	33.63845	34.93532
CY	Λάρνακα/Larnaka	6059	33.63845	34.93532
CY	Λεύκαρα Κάτω/Lefkara Kato	7710	33.32970	34.84522
CY	Λεύκαρα Πάνω/Lefkara Pano	7700	33.33870	34.89799
CY	Λειβάδια/Leivadia	7060	33.68493	34.98201
CY	Μαρί/Mari	7736	33.29493	34.73246
CY	Μαρώνι/Maroni	7737	33.37211	34.75425
CY	Μαζωτός/Mazotos	7577	33.52622	34.81167
CY	Μελίνη/Melini	7716	33.20187	34.88155
CY	Μελούσεια/Melouseia	7622	33.57994	35.06597
CY	Μενεού/Meneou	7000	33.61823	34.84705
CY	Μενόγεια/Menogeia	7578	33.42342	34.84582
CY	Μονή Αγίας Θέκλης/Moni Agias Theklis	7644	33.53128	34.96642
CY	Μονή Αγίας Βαρβάρας/Moni Agias Varvaras	7650	33.44755	34.97481
CY	Μονή Αγίου Μηνά/Moni Agiou Mina	7717	33.18108	34.89085
CY	Μονή Μεταμορφώσεως/Moni Metamorfoseos	7509	33.74859	35.03269
CY	Μονή Παναγίας Γαλακτοτροφούσας/Moni Panagias Galaktotrofou	7646	33.44940	34.93654
CY	Μονή Σταυροβουνίου/Moni Stavrovouniou	7645	33.51460	34.94189
CY	Μοσφιλωτή/Mosfiloti	7647	33.42718	34.95120
CY	Οδού/Odou	7718	33.14792	34.87855
CY	Ορά/Ora	7719	33.20716	34.85028
CY	Ορμίδεια/Ormideia	7530	33.81182	34.99032
CY	Ορόκλινη Τουριστική Περιοχή/Oroklini Touristiki Periochi	7041	33.64657	34.97816
CY	Ορόκλινη	7040	33.65444	34.98278
CY	Παρσάτα/Parsata	7721	33.26634	34.81338
CY	Πέργαμος/Pergamos	7504	33.70658	35.04780
CY	Περιβόλια Λάρνακας/Perivolia Larnakas	7560	33.58158	34.82393
CY	Πετροφάνι/Petrofani	7623	33.51326	35.04380
CY	Προσφυγικός Συνοικισμός ΑΗΚ/Prosfygikos Synoikismos EAC	7506	33.63548	35.02034
CY	Προσφυγικός Συνοικισμός Βάτταινα/Prosfygikos Synoikismos V	7508	33.71328	35.01090
CY	Ψεματισμένος/Psematismenos	7743	33.34968	34.77130
CY	Ψευδάς/Psevdas	7649	33.47295	34.95135
CY	Πύλα/Pyla	7080	33.67570	35.01460
CY	Πύλα Τουριστική Περιοχή/Pyla Touristiki Periochi	7081	33.68832	35.01669
CY	Πυργά/Pyrga	7648	33.43758	34.90418
CY	Σκαρίνου/Skarinou	7731	33.33458	34.81488
CY	Σοφτάδες/Softades	7561	33.56087	34.90326
CY	Σταθμός Χοιροκοιτίας/Stathmos Choirokoitias	7742	33.37032	34.83652
CY	Σταθμός Καλαβασού/Stathmos Kalavasou	7734	33.31500	34.76419
CY	Σταθμός Σκαρίνου/Stathmos Skarinou	7732	33.36023	34.80536
CY	Τερσεφάνου/Tersefanou	7562	33.54658	34.84753
CY	Τόχνη/Tochni	7740	33.31947	34.78996
CY	Τρεμετουσιά/Tremetousia	7624	33.60160	35.08731
CY	Τρούλλοι/Troulloi	7505	33.61534	35.02993
CY	Βασιλικό/Vasiliko	7738	33.31485	34.73329
CY	Βαβατσινιά/Vavatsinia	7712	33.24188	34.87822
CY	Βάβλα/Vavla	7713	33.27503	34.84790
CY	Ξυλοφάγου/Xylofagou	7520	33.86894	34.96792
CY	Ξυλοτύμπου	7510	33.75107	35.00682
CY	Ζύγι/Zygi	7739	33.34262	34.73481
CY	Μπέικιοϊ/Beikioi	2527	33.51132	35.23414
CY	Χαλλέρι/Challeri	2963	32.66672	35.16418
CY	Χαμίτ Μάνδρες/Chamit Mandres	2534	33.38015	35.21955
CY	Χρυσηλιού/Chrysiliou	2730	33.01099	35.23323
CY	Δάλι	2540	33.42027	35.01689
CY	Δασικός Σταθμός Καπουράς /Dasikos Stathmos Kapouras	2828	33.00570	35.00277
CY	Δασικός Σταθμός Παναγιάς/Dasikos Stathmos Panagias	2782	33.00813	35.11828
CY	Δασικός Σταθμός Πλατανιών/Dasikos Stathmos Platanion	2829	32.94574	35.07311
CY	Δευτερά Κάτω/Deftera Kato	2450	33.26763	35.08581
CY	Δευτερά Πάνω/Deftera Pano	2460	33.27503	35.06667
CY	Δένεια/Deneia	2675	33.14932	35.16701
CY	Δύο Ποταμοί/Dyo Potamoi	2676	33.08423	35.22811
CY	Έγκωμη/Egkomi	2400	33.35424	35.14584
CY	Έγκωμη/Egkomi	2401	33.35424	35.14584
CY	Έγκωμη/Egkomi	2402	33.35424	35.14584
CY	Έγκωμη/Egkomi	2404	33.35424	35.14584
CY	Έγκωμη/Egkomi	2406	33.35424	35.14584
CY	Έγκωμη/Egkomi	2407	33.35424	35.14584
CY	Έγκωμη/Egkomi	2408	33.35424	35.14584
CY	Έγκωμη/Egkomi	2409	33.35424	35.14584
CY	Έγκωμη/Egkomi	2410	33.35424	35.14584
CY	Έγκωμη/Egkomi	2411	33.35424	35.14584
CY	Έγκωμη/Egkomi	2412	33.35424	35.14584
CY	Έγκωμη/Egkomi	2413	33.35424	35.14584
CY	Έγκωμη/Egkomi	2414	33.35424	35.14584
CY	Έγκωμη/Egkomi	2415	33.35424	35.14584
CY	Έγκωμη/Egkomi	2416	33.35424	35.14584
CY	Έγκωμη/Egkomi	2417	33.35424	35.14584
CY	Ελιά/Elia	2830	32.91683	35.12420
CY	Ελληνική Δύναμη Κύπρου	1380	33.30000	35.15000
CY	Επιχώ/Epicho	2522	33.51250	35.20350
CY	Επισκοπειό/Episkopeio	2642	33.24629	35.02915
CY	Εργάτες/Ergates	2643	33.26980	35.01644
CY	Ευρύχου/Evrichou	2831	32.91457	35.04632
CY	Έξω Μετόχι/Eχο Metochi	2521	33.53332	35.21128
CY	Φαρμακάς/Farmakas	2620	33.15058	34.90503
CY	Φικάρδου/Fikardou	2623	33.18129	34.93866
CY	Φιλάνι/Filani	2652	33.21252	34.98666
CY	Φιλιά	2684	32.67544	35.10584
CY	Φλάσου Κάτω/Flasou Kato	2843	32.87859	35.05000
CY	Φλάσου Πάνω/Flasou Pano	2844	32.90389	35.06525
CY	Φροδίσια	2860	32.66868	35.04657
CY	Φτερικούδι/Fterikoudi	2758	33.07556	34.93889
CY	Γαλάτα/Galata	2827	32.92152	35.00105
CY	Γαληνή/Galini	2922	32.77090	35.14471
CY	Γερακιές/Gerakies	2861	32.79052	35.01308
CY	Γέρι/Geri	2200	33.40628	35.11136
CY	Γέρι/Geri	2201	33.40628	35.11136
CY	Γέρι/Geri	2202	33.40628	35.11136
CY	Γερόλακκος/Gerolakkos	2674	33.26131	35.18270
CY	Γούρρη/Gοurri	2615	33.13790	34.94866
CY	Ηλιούπολη/Ilioupoli	2546	33.90000	35.15000
CY	Λαγουδερά/Lagoudera	2753	33.00583	34.97375
CY	Λακατάμεια/Lakatameia	2300	33.31667	35.11667
CY	Λακατάμεια/Lakatameia	2301	33.31667	35.11667
CY	Λακατάμεια/Lakatameia	2302	33.31667	35.11667
CY	Λακατάμεια/Lakatameia	2303	33.31667	35.11667
CY	Λακατάμεια/Lakatameia	2304	33.31667	35.11667
CY	Λακατάμεια/Lakatameia	2305	33.31667	35.11667
CY	Λακατάμεια/Lakatameia	2306	33.31667	35.11667
CY	Λακατάμεια/Lakatameia	2310	33.31667	35.11667
CY	Λακατάμεια/Lakatameia	2311	33.31667	35.11667
CY	Λακατάμεια/Lakatameia	2312	33.31667	35.11667
CY	Λακατάμεια/Lakatameia	2313	33.31667	35.11667
CY	Λακατάμεια/Lakatameia	2314	33.31667	35.11667
CY	Λακατάμεια/Lakatameia	2320	33.31667	35.11667
CY	Λακατάμεια/Lakatameia	2321	33.31667	35.11667
CY	Λακατάμεια/Lakatameia	2322	33.31667	35.11667
CY	Λακατάμεια/Lakatameia	2323	33.31667	35.11667
CY	Λακατάμεια/Lakatameia	2324	33.31667	35.11667
CY	Λακατάμεια/Lakatameia	2325	33.31667	35.11667
CY	Λακατάμεια/Lakatameia	2326	33.31667	35.11667
CY	Λακατάμεια/Lakatameia	2328	33.31667	35.11667
CY	Λακατάμεια/Lakatameia	2330	33.31667	35.11667
CY	Λακατάμεια/Lakatameia	2331	33.31667	35.11667
CY	Λακατάμεια/Lakatameia	2332	33.31667	35.11667
CY	Λακατάμεια/Lakatameia	2333	33.31667	35.11667
CY	Λακατάμεια/Lakatameia	2334	33.31667	35.11667
CY	Λακατάμεια/Lakatameia	2335	33.31667	35.11667
CY	Λατσιά	2201	33.37508	35.10958
CY	Λατσιά	2220	33.37508	35.10958
CY	Λατσιά	2221	33.37508	35.10958
CY	Λατσιά	2222	33.37508	35.10958
CY	Λατσιά	2223	33.37508	35.10958
CY	Λατσιά	2224	33.37508	35.10958
CY	Λατσιά	2230	33.37508	35.10958
CY	Λατσιά	2231	33.37508	35.10958
CY	Λατσιά	2232	33.37508	35.10958
CY	Λατσιά	2233	33.37508	35.10958
CY	Λατσιά	2234	33.37508	35.10958
CY	Λατσιά	2235	33.37508	35.10958
CY	Λατσιά	2236	33.37508	35.10958
CY	Λατσιά	2237	33.37508	35.10958
CY	Λατσιά	2238	33.37508	35.10958
CY	Λαζανιάς/Lazanias	2618	33.16575	34.93800
CY	Λεύκα/Lefka	2900	32.85010	35.10558
CY	Λευκωσία/Lefkosia	1010	33.35788	35.15835
CY	Λευκωσία/Lefkosia	1011	33.35788	35.15835
CY	Λευκωσία/Lefkosia	1015	33.35788	35.15835
CY	Λευκωσία/Lefkosia	1016	33.35788	35.15835
CY	Λευκωσία/Lefkosia	1017	33.35788	35.15835
CY	Λευκωσία/Lefkosia	1055	33.35788	35.15835
CY	Λευκωσία/Lefkosia	1056	33.35788	35.15835
CY	Λευκωσία/Lefkosia	1057	33.35788	35.15835
CY	Λευκωσία/Lefkosia	1060	33.35788	35.15835
CY	Λευκωσία/Lefkosia	1061	33.35788	35.15835
CY	Λευκωσία/Lefkosia	1065	33.35788	35.15835
CY	Λευκωσία/Lefkosia	1066	33.35788	35.15835
CY	Λευκωσία/Lefkosia	1070	33.35788	35.15835
CY	Λευκωσία/Lefkosia	1071	33.35788	35.15835
CY	Λευκωσία/Lefkosia	1075	33.35788	35.15835
CY	Λευκωσία/Lefkosia	1076	33.35788	35.15835
CY	Λευκωσία/Lefkosia	1077	33.35788	35.15835
CY	Λευκωσία/Lefkosia	1080	33.35788	35.15835
CY	Λευκωσία/Lefkosia	1081	33.35788	35.15835
CY	Λευκωσία/Lefkosia	1082	33.35788	35.15835
CY	Λευκωσία/Lefkosia	1085	33.35788	35.15835
CY	Λευκωσία/Lefkosia	1086	33.35788	35.15835
CY	Λευκωσία/Lefkosia	1087	33.35788	35.15835
CY	Λευκωσία/Lefkosia	1090	33.35788	35.15835
CY	Λευκωσία/Lefkosia	1095	33.35788	35.15835
CY	Λευκωσία/Lefkosia	1096	33.35788	35.15835
CY	Λευκωσία/Lefkosia	1097	33.35788	35.15835
CY	Λευκωσία/Lefkosia	1100	33.35788	35.15835
CY	Λευκωσία/Lefkosia	1101	33.35788	35.15835
CY	Λευκωσία/Lefkosia	1102	33.35788	35.15835
CY	Λευκωσία/Lefkosia	1105	33.35788	35.15835
CY	Λευκωσία/Lefkosia	1106	33.35788	35.15835
CY	Λευκωσία/Lefkosia	1107	33.35788	35.15835
CY	Λιβάδια Πιτσυλιάς/Leivadia Pitsylias	2754	33.00628	34.94783
CY	Λιμνίτης/Limnitis	2956	32.73010	35.17147
CY	Λινού/Linou	2845	32.87782	35.06667
CY	Λουρουτζίνα	2567	33.50023	35.00140
CY	Λουτρός/Loutros	2957	32.76329	35.15555
CY	Λύμπια/Lympia	2566	33.45449	34.99482
CY	Λυθροδόντας/Lythrodontas	2565	33.29613	34.92943
CY	Νέα Λήδρα/Nea Lidra	2549	33.44003	35.01311
CY	Νέο Χωρίο Κυθρέας/Neo Chorio Kythreas	2528	33.45383	35.24082
CY	Νέο Λιβάδι/Neo Livadi	2925	33.02128	34.94732
CY	Νικητάρι/Nikitari	2777	32.99169	35.06656
CY	Νικήτας/Nikitas	2926	32.95833	35.16967
CY	Νήσου/Nisou	2571	33.37205	35.02818
CY	Οίκος/Oikos	2867	32.83747	35.00198
CY	Ορούντα/Orounta	2779	33.10543	35.10000
CY	Ορτάκιοϊ/Ortakioi	2681	33.32306	35.20150
CY	Σαράντι/Saranti	2757	33.03167	34.97696
CY	Σελέμανη	2965	32.70022	35.14168
CY	Σελλάδι του Άππη/Selldi Tou Appi	2964	32.63540	35.13611
CY	Σιά/Sia	2574	33.44834	35.01730
CY	Σινά Όρος	2839	32.90313	35.00699
CY	Σκουριώτισσα/Skouriotissa	2840	32.87633	35.08333
CY	Σκυλλούρα/Skylloura	2683	33.19807	35.21556
CY	Σόλοι/Soloi	2932	32.88244	35.15108
CY	Σπήλια/Spilia	2841	32.94410	34.96264
CY	Σταθμός Ορκόντα/Stathmos Orkonta	2868	32.83390	35.03586
CY	Στρόβολος/Strovolos	2000	33.33211	35.14953
CY	Στρόβολος/Strovolos	2001	33.33211	35.14953
CY	Στρόβολος/Strovolos	2002	33.33211	35.14953
CY	Στρόβολος/Strovolos	2003	33.33211	35.14953
CY	Στρόβολος/Strovolos	2006	33.33211	35.14953
CY	Στρόβολος/Strovolos	2007	33.33211	35.14953
CY	Στρόβολος/Strovolos	2008	33.33211	35.14953
CY	Στρόβολος/Strovolos	2011	33.33211	35.14953
CY	Στρόβολος/Strovolos	2012	33.33211	35.14953
CY	Στρόβολος/Strovolos	2013	33.33211	35.14953
CY	Στρόβολος/Strovolos	2014	33.33211	35.14953
CY	Στρόβολος/Strovolos	2015	33.33211	35.14953
CY	Στρόβολος/Strovolos	2018	33.33211	35.14953
CY	Στρόβολος/Strovolos	2019	33.33211	35.14953
CY	Στρόβολος/Strovolos	2020	33.33211	35.14953
CY	Στρόβολος/Strovolos	2021	33.33211	35.14953
CY	Στρόβολος/Strovolos	2023	33.33211	35.14953
CY	Στρόβολος/Strovolos	2024	33.33211	35.14953
CY	Στρόβολος/Strovolos	2025	33.33211	35.14953
CY	Στρόβολος/Strovolos	2027	33.33211	35.14953
CY	Στρόβολος/Strovolos	2028	33.33211	35.14953
CY	Στρόβολος/Strovolos	2029	33.33211	35.14953
CY	Στρόβολος/Strovolos	2030	33.33211	35.14953
CY	Στρόβολος/Strovolos	2031	33.33211	35.14953
CY	Στρόβολος/Strovolos	2032	33.33211	35.14953
CY	Στρόβολος/Strovolos	2033	33.33211	35.14953
CY	Στρόβολος/Strovolos	2034	33.33211	35.14953
CY	Στρόβολος/Strovolos	2035	33.33211	35.14953
CY	Στρόβολος/Strovolos	2036	33.33211	35.14953
CY	Στρόβολος/Strovolos	2037	33.33211	35.14953
CY	Στρόβολος/Strovolos	2038	33.33211	35.14953
CY	Στρόβολος/Strovolos	2039	33.33211	35.14953
CY	Στρόβολος/Strovolos	2040	33.33211	35.14953
CY	Στρόβολος/Strovolos	2042	33.33211	35.14953
CY	Στρόβολος/Strovolos	2043	33.33211	35.14953
CY	Στρόβολος/Strovolos	2044	33.33211	35.14953
CY	Στρόβολος/Strovolos	2045	33.33211	35.14953
CY	Στρόβολος/Strovolos	2046	33.33211	35.14953
CY	Στρόβολος/Strovolos	2047	33.33211	35.14953
CY	Στρόβολος/Strovolos	2048	33.33211	35.14953
CY	Στρόβολος/Strovolos	2049	33.33211	35.14953
CY	Στρόβολος/Strovolos	2050	33.33211	35.14953
CY	Στρόβολος/Strovolos	2051	33.33211	35.14953
CY	Στρόβολος/Strovolos	2052	33.33211	35.14953
CY	Στρόβολος/Strovolos	2054	33.33211	35.14953
CY	Στρόβολος/Strovolos	2055	33.33211	35.14953
CY	Στρόβολος/Strovolos	2057	33.33211	35.14953
CY	Στρόβολος/Strovolos	2058	33.33211	35.14953
CY	Στρόβολος/Strovolos	2059	33.33211	35.14953
CY	Στρόβολος/Strovolos	2060	33.33211	35.14953
CY	Στρόβολος/Strovolos	2062	33.33211	35.14953
CY	Στρόβολος/Strovolos	2063	33.33211	35.14953
CY	Στρόβολος/Strovolos	2064	33.33211	35.14953
CY	Στρόβολος/Strovolos	2066	33.33211	35.14953
CY	Συνοικισμός Ανθούπολης/Synikismos Anthoupolis	2350	33.35000	35.12000
CY	Συριανοχώρι/Syrianochori	2729	32.94772	35.22605
CY	Τεμβριά/Temvria	2842	32.87906	35.01668
CY	Τράχωνας/Trachonas	2470	33.35420	35.20852
CY	Τραχώνι Κυθρέας/Trachoni Kythreas	2532	33.47917	35.22592
CY	Τσακκίστρα/Tsakkistra	2869	32.81629	35.06564
CY	Τσέρι/Tseri	2480	33.33628	35.09380
CY	Τύμπου/Tympou	2533	33.50763	35.13984
CY	Βαρίσεια/Variseia	2921	32.74683	35.10812
CY	Βώνη/Voni	2520	33.49708	35.22960
CY	Βυζακιά/Vyzakia	2774	33.02204	35.07067
CY	Ξερός/Xeros	2927	32.83558	35.13305
CY	Ξερόβουνος/Xerovounos	2960	32.72616	35.15776
CY	Ξυλιάτος/Xyliatos	2781	33.05251	35.11420
CY	Ζώδεια Κάτω/Zodeia Kato	2723	33.00713	35.16774
CY	Ζώδεια Πάνω/Zodeia Pano	2724	33.01628	35.16310
CY	Χανδριά/Chandria	4875	33.00395	34.93690
CY	Δασικό Κολέγιο Κύπρου/Dasiko Kolegio Kyprou	4841	32.80945	34.89515
CY	Διερώνα/Dierona	4564	33.12997	34.83268
CY	Δωρά/Dora	4774	32.73478	34.78748
CY	Δωρός/Doros	4750	32.91503	34.82085
CY	Δύμες/Dymes	4873	32.97915	34.91959
CY	Επισκοπή/Episkopi	4620	32.90337	34.66645
CY	Επταγώνεια/Eptagoneia	4506	33.15494	34.84760
CY	Ερήμη/Erimi	4630	32.91582	34.67188
CY	Φασούλα Λεμεσού/Fasoula Lemesou	4551	33.02915	34.76955
CY	Φασούρι/Fasouri	4653	32.92994	34.62809
CY	Φοινί/Foini	4814	32.83017	34.88658
CY	Φοινικάρια/Foinikaria	4530	33.10209	34.75584
CY	Γεράσα/Gerasa	4543	33.00307	34.81513
CY	Γερμασόγεια/Germasogeia	4040	33.04739	34.69667
CY	Γερμασόγεια/Germasogeia	4041	33.04739	34.69667
CY	Γερμασόγεια/Germasogeia	4042	33.04739	34.69667
CY	Γερμασόγεια/Germasogeia	4043	33.04739	34.69667
CY	Γερμασόγεια/Germasogeia	4044	33.04739	34.69667
CY	Γερμασόγεια/Germasogeia	4045	33.04739	34.69667
CY	Γερμασόγεια/Germasogeia	4046	33.04739	34.69667
CY	Γερμασόγεια/Germasogeia	4047	33.04739	34.69667
CY	Γερμασόγεια/Germasogeia	4048	33.04739	34.69667
CY	Γερμασόγεια/Germasogeia	4049	33.04739	34.69667
CY	Γεροβάσα/Gerovasa	4773	32.74028	34.81306
CY	Καλό Χωριό Λεμεσού/Kalo Chorio Lemesou	4566	33.02159	34.84192
CY	Καμινάρια/Kaminaria	4843	32.78668	34.91405
CY	Καντού/Kantou	4631	32.89424	34.69135
CY	Καπηλειό/Kapileio	4544	32.96066	34.82915
CY	Κάτω Πολεμίδια/Kato Polemidia	4150	32.99949	34.69337
CY	Κάτω Πολεμίδια/Kato Polemidia	4151	32.99949	34.69337
CY	Κάτω Πολεμίδια/Kato Polemidia	4152	32.99949	34.69337
CY	Κάτω Πολεμίδια/Kato Polemidia	4153	32.99949	34.69337
CY	Κάτω Πολεμίδια/Kato Polemidia	4154	32.99949	34.69337
CY	Κάτω Πολεμίδια/Kato Polemidia	4155	32.99949	34.69337
CY	Κάτω Πολεμίδια/Kato Polemidia	4156	32.99949	34.69337
CY	Κάτω Πολεμίδια/Kato Polemidia	4157	32.99949	34.69337
CY	Κάτω Πολεμίδια/Kato Polemidia	4158	32.99949	34.69337
CY	Κάτω Πολεμίδια/Kato Polemidia	4159	32.99949	34.69337
CY	Κάτω Πολεμίδια/Kato Polemidia	4170	32.99949	34.69337
CY	Κελλάκι/Kellaki	4500	33.12509	34.80000
CY	Κισσούσα/Kissousa	4775	32.78957	34.79540
CY	Κιβίδες Κάτω/Kivides Kato	4714	32.87781	34.76670
CY	Κιβίδες Πάνω/Kivides Pano	4715	32.85000	34.76392
CY	Κλωνάρι/Klonari	4507	33.17979	34.81667
CY	Κοιλάνι/Koilani	4776	32.79296	34.83354
CY	Κολόσσι/Kolossi	4632	32.93989	34.67022
CY	Κολόσσι	4636	32.94185	34.69169
CY	Κορφή/Korfi	4545	32.96377	34.79859
CY	Κουκά/Kouka	4743	32.89585	34.85003
CY	Κυπερούντα/Kyperounta	4876	32.97500	34.93750
CY	Λάνεια/Laneia	4744	32.92324	34.81900
CY	Λεμεσός/Lemesos	3010	33.05500	33.70000
CY	Λεμεσός/Lemesos	3011	33.05500	33.70000
CY	Λεμεσός/Lemesos	3012	33.05500	33.70000
CY	Λεμεσός/Lemesos	3013	33.05500	33.70000
CY	Λεμεσός/Lemesos	3015	33.05500	33.70000
CY	Λεμεσός/Lemesos	3016	33.05500	33.70000
CY	Λεμεσός/Lemesos	3017	33.05500	33.70000
CY	Λεμεσός/Lemesos	3020	33.05500	33.70000
CY	Λεμεσός/Lemesos	3021	33.05500	33.70000
CY	Λεμεσός/Lemesos	3022	33.05500	33.70000
CY	Λεμεσός/Lemesos	3025	33.05500	33.70000
CY	Λεμεσός/Lemesos	3026	33.05500	33.70000
CY	Λεμεσός/Lemesos	3027	33.05500	33.70000
CY	Λεμεσός/Lemesos	3030	33.05500	33.70000
CY	Λεμεσός/Lemesos	3031	33.05500	33.70000
CY	Λεμεσός/Lemesos	3032	33.05500	33.70000
CY	Λεμεσός/Lemesos	3035	33.05500	33.70000
CY	Λεμεσός/Lemesos	3036	33.05500	33.70000
CY	Λεμεσός/Lemesos	3040	33.05500	33.70000
CY	Λεμεσός/Lemesos	3041	33.05500	33.70000
CY	Λεμεσός/Lemesos	3042	33.05500	33.70000
CY	Λεμεσός/Lemesos	3045	33.05500	33.70000
CY	Λεμεσός/Lemesos	3046	33.05500	33.70000
CY	Λεμεσός/Lemesos	3047	33.05500	33.70000
CY	Λεμεσός/Lemesos	3048	33.05500	33.70000
CY	Λεμεσός/Lemesos	3050	33.05500	33.70000
CY	Λεμεσός/Lemesos	3051	33.05500	33.70000
CY	Λεμεσός/Lemesos	3052	33.05500	33.70000
CY	Λεμεσός/Lemesos	3055	33.05500	33.70000
CY	Λεμεσός/Lemesos	3056	33.05500	33.70000
CY	Λεμεσός/Lemesos	3060	33.05500	33.70000
CY	Λεμεσός/Lemesos	3061	33.05500	33.70000
CY	Λεμεσός/Lemesos	3065	33.05500	33.70000
CY	Λεμεσός/Lemesos	3066	33.05500	33.70000
CY	Λεμεσός/Lemesos	3067	33.05500	33.70000
CY	Λεμεσός/Lemesos	3070	33.05500	33.70000
CY	Λεμεσός/Lemesos	3071	33.05500	33.70000
CY	Λεμεσός/Lemesos	3075	33.05500	33.70000
CY	Λεμεσός/Lemesos	3076	33.05500	33.70000
CY	Λεμεσός/Lemesos	3077	33.05500	33.70000
CY	Λεμεσός/Lemesos	3080	33.05500	33.70000
CY	Λεμεσός/Lemesos	3081	33.05500	33.70000
CY	Λεμεσός/Lemesos	3082	33.05500	33.70000
CY	Λεμεσός/Lemesos	3083	33.05500	33.70000
CY	Λεμεσός/Lemesos	3085	33.05500	33.70000
CY	Λεμεσός/Lemesos	3086	33.05500	33.70000
CY	Λεμεσός/Lemesos	3087	33.05500	33.70000
CY	Λεμεσός/Lemesos	3090	33.05500	33.70000
CY	Λεμεσός/Lemesos	3091	33.05500	33.70000
CY	Λεμεσός/Lemesos	3095	33.05500	33.70000
CY	Λεμεσός/Lemesos	3096	33.05500	33.70000
CY	Λεμεσός/Lemesos	3100	33.05500	33.70000
CY	Λεμεσός/Lemesos	3101	33.05500	33.70000
CY	Λεμεσός/Lemesos	3105	33.05500	33.70000
CY	Λεμεσός/Lemesos	3106	33.05500	33.70000
CY	Λεμεσός/Lemesos	3107	33.05500	33.70000
CY	Λεμεσός/Lemesos	3110	33.05500	33.70000
CY	Λεμεσός/Lemesos	3111	33.05500	33.70000
CY	Λεμεσός/Lemesos	3112	33.05500	33.70000
CY	Λεμεσός/Lemesos	3113	33.05500	33.70000
CY	Λεμεσός/Lemesos	3115	33.05500	33.70000
CY	Λεμεσός/Lemesos	3116	33.05500	33.70000
CY	Λεμεσός/Lemesos	3117	33.05500	33.70000
CY	Λεμεσός/Lemesos	3118	33.05500	33.70000
CY	Λεμεσός/Lemesos	3119	33.05500	33.70000
CY	Λεμεσός/Lemesos	3120	33.05500	33.70000
CY	Λεμεσός/Lemesos	3150	33.05500	33.70000
CY	Λεμίθου/Lemithou	4844	32.83192	34.90948
CY	Λιμνάτης/Limnatis	4546	32.94585	34.78960
CY	Λόφου/Lofou	4716	32.86668	34.80736
CY	Λουβαράς/Louvaras	4560	33.05403	34.82083
CY	Μαλιά/Malia	4777	32.78471	34.80873
CY	Μανδριά/Mandria	4778	32.82314	34.85835
CY	Μαθηκολώνη/Mathikoloni	4547	33.05415	34.77007
CY	Μέσα Γειτονιά/Mesa Geitonia	4000	33.05000	34.75000
CY	Μέσα Γειτονιά/Mesa Geitonia	4001	33.05000	34.75000
CY	Μέσα Γειτονιά/Mesa Geitonia	4002	33.05000	34.75000
CY	Μέσα Γειτονιά/Mesa Geitonia	4003	33.05000	34.75000
CY	Μέσα Γειτονιά/Mesa Geitonia	4004	33.05000	34.75000
CY	Μέσα Γειτονιά/Mesa Geitonia	4005	33.05000	34.75000
CY	Μέσα Γειτονιά/Mesa Geitonia	4006	33.05000	34.75000
CY	Μέσα Γειτονιά/Mesa Geitonia	4007	33.05000	34.75000
CY	Μέσα Γειτονιά/Mesa Geitonia	4008	33.05000	34.75000
CY	Μέσα Ποταμός/Mesa Potamos	4745	32.81083	34.81452
CY	Μονάγρι/Monagri	4746	32.91086	34.79167
CY	Μοναγρούλλι/Monagroulli	4524	33.21862	34.74881
CY	Μονή/Moni	4525	33.20086	34.72807
CY	Μονή Αγίου Γεωργίου Αλαμάνου/Moni Agiou Georgiou Alamanou	4526	32.89292	34.81086
CY	Μονή Αγίου Νικολάου/Moni Agiou Nikolaou	4650	32.95775	34.66217
CY	Μονή Ευαγγελίστριας/Moni Evangelistrias	4548	33.03367	34.72023
CY	Μονή Παναγίας Τρικουκκιάς/Moni Panagias Trikoukkias	4847	32.82625	34.94179
CY	Μονή Τροοδιτίσσης/Moni Trooditissis	4812	32.88458	34.91739
CY	Μονή Ζωοδόχου Πηγής/Moni Zoodochou Pigis	4508	33.19445	34.81282
CY	Μονιάτης/Moniatis	4747	32.88175	34.87349
CY	Μόντε Κορφή/Monte Korfi	4552	32.97924	34.80833
CY	Μουτταγιάκα/Mouttagiaka	4527	33.08806	34.71557
CY	Μουτταγιάκα Τουριστική Περιοχή/Mouttagiaka Touristiki Peri	4531	33.06000	34.36000
CY	Μύλος Κάτω/Mylos Kato	4874	32.99463	34.87578
CY	Όμοδος/Omodos	4760	32.79753	34.85713
CY	Σαϊττάς/Saittas	4748	32.92204	34.87876
CY	Σανατόριο Κυπερούντας/Sanatorio Kyperounyas	4877	32.96280	34.93618
CY	Σανίδα/Sanida	4510	33.18125	34.79585
CY	Σχολή Μιτσή/Scholi Mitsi	4848	32.84462	34.92597
CY	Σιλίκου/Silikou	4742	32.88748	34.83330
CY	Σωτήρα/Sotira	4633	32.86431	34.70569
CY	Σούνι/Souni	4717	32.85957	34.82983
CY	Σπιτάλι/Spitali	4550	32.99587	34.77226
CY	Σταθμός Φιλάγρων/Stathmos Filagron	4749	32.92616	34.84695
CY	Σταθμός Λάνειας/Stathmos Laneias	4751	32.93722	34.81699
CY	Σταθμός Μόζορα/Stathmos Mozora	4813	32.85733	34.89279
CY	Σταθμός Πεύκου	4568	33.08372	34.83785
CY	Σταθμός Πισσουρίου/Stathmos Pissouriou	4608	32.72409	34.66366
CY	Στερακόβου/Sterakonou	4635	32.80415	34.67036
CY	Συκόπετρα/Sykopetra	4569	33.11370	34.87523
CY	Σύμβουλος/Symvoulos	4634	32.83392	34.69398
CY	Τραχώνι Λεμεσού/Trachoni Lemesou	4651	32.96376	34.64929
CY	Τρεις Ελιές/Treis Elies	4846	32.79573	34.93870
CY	Τριμήκλινη/Trimiklini	4730	32.91658	34.84585
CY	Τρόοδος/Troodos	4800	32.85979	34.92085
CY	Τρόζαινα/Trozaina	4781	32.81505	34.83327
CY	Τσερκέζ Τσιφτλίκ	4652	32.97999	34.65996
CY	Βάσα Κελλακίου/Vasa Kellakiou	4504	33.16083	34.81503
CY	Βάσα Κοιλανίου/Vasa Koilaniou	4771	32.77908	34.83803
CY	Βίκλα/Vikla	4509	33.22217	34.80930
CY	Βουνί/Vouni	4772	32.83458	34.82502
CY	Ύψωνας/Ypsonas	4180	32.95868	34.67944
CY	Ύψωνας/Ypsonas	4181	32.95868	34.67944
CY	Ύψωνας/Ypsonas	4182	32.95868	34.67944
CY	Ύψωνας/Ypsonas	4183	32.95868	34.67944
CY	Ύψωνας/Ypsonas	4184	32.95868	34.67944
CY	Ύψωνας/Ypsonas	4185	32.95868	34.67944
CY	Ύψωνας/Ypsonas	4186	32.95868	34.67944
CY	Ύψωνας/Ypsonas	4187	32.95868	34.67944
CY	Ύψωνας/Ypsonas	4188	32.95868	34.67944
CY	Ύψωνας/Ypsonas	4189	32.95868	34.67944
CY	Ύψωνας/Ypsonas	4190	32.95868	34.67944
CY	Ύψωνας/Ypsonas	4191	32.95868	34.67944
CY	Ύψωνας/Ypsonas	4192	32.95868	34.67944
CY	Ύψωνας/Ypsonas	4193	32.95868	34.67944
CY	Ύψωνας/Ypsonas	4194	32.95868	34.67944
CY	Ζανατζιά	4713	33.01448	34.63601
CY	Ζωοπηγή/Zoopigi	4565	33.00920	34.86072
CY	Χα Ποτάμι/Cha Potami	8510	32.60640	34.68980
CY	Χλώρακας/Chlorakas	8200	32.41132	34.79435
CY	Χλώρακας/Chlorakas	8220	32.41132	34.79435
CY	Χλώρακας/Chlorakas	8221	32.41132	34.79435
CY	Χολέτρια/Choletria	8526	32.59165	34.76948
CY	Χόλη/Choli	8730	32.46083	34.96838
CY	Χούλου/Choulou	8552	32.54828	34.87294
CY	Χρυσοχού/Chrysochou	8855	32.44415	35.00662
CY	Δασικός Σταθμός Αγιάς/Dasikos Stathmos Agias	8803	32.55564	35.01273
CY	Δασικός Σταθμός Σταυρού της Ψώκας/Dasikos Stathmos Stavrou	8804	32.52329	35.01064
CY	Δρούσεια/Drouseia	8700	32.39476	34.97503
CY	Δρύμου/Drymou	8742	32.50695	34.91658
CY	Δρυνιά/Drynia	8743	32.53165	34.92085
CY	Ελεδιό/Eledio	8523	32.56253	34.81392
CY	Έμπα/Empa	8250	32.42350	34.78019
CY	Επισκοπή/Episkopi	8524	32.51816	34.79934
CY	Ευρέτου/Evretou	8805	32.48750	34.94585
CY	Φάλεια/Faleia	8654	32.58333	34.85075
CY	Φάσλι/Fasli	8706	32.34844	34.97944
CY	Φασούλα Κελοκεδάρων/Fasoula Kelokedaron	8609	32.63185	34.73298
CY	Φιλούσα Χρυσοχούς/Filousa Chrysochous	8811	32.50415	34.96250
CY	Φιλούσα Κελοκεδάρων/Filousa Kelokedaron	8629	32.75682	34.84255
CY	Φοίνικας/Foinikas	8508	32.55929	34.75700
CY	Φύτη/Fyti	8748	32.54292	34.93875
CY	Γαλαταριά/Galataria	8645	32.64165	34.85506
CY	Γεροσκήπου/Geroskipou	8200	32.44500	34.76432
CY	Γεροσκήπου/Geroskipou	8201	32.44500	34.76432
CY	Γιαλιά Κάτω/Gialia Kato	8874	32.52616	35.12074
CY	Γιαλιά Πάνω/Gialia Pano	8875	32.54408	35.07916
CY	Γιόλου/Giolou	8720	32.47406	34.90689
CY	Γουδί/Goudi	8850	32.42500	34.97915
CY	Ίνεια/Ineia	8704	32.39734	34.94953
CY	Καλλέπεια/Kallepeia	8541	32.49168	34.84421
CY	Κανναβιού/Kannaviou	8746	32.56378	34.91962
CY	Καραμούλληδες/Karamoullides	8851	32.42205	35.00684
CY	Κάθικας/Kathikas	8573	32.43059	34.90800
CY	Κέδαρες/Kedares	8626	32.73737	34.83220
CY	Κελοκέδαρα/Kελοκεδαρα	8628	32.70964	34.82857
CY	Κιδάσι/Kidasi	8627	32.71366	34.80850
CY	Κιο	8807	32.54222	34.96668
CY	Κισσόνεργα/Kissonerga	8574	32.40042	34.81868
CY	Κοίλη/Koili	8543	32.44293	34.96668
CY	Κοιλίνεια/Koilineia	8646	32.63333	34.88793
CY	Κολώνη/Koloni	8310	32.46584	34.74935
CY	Κόλπος Κοραλλίων/Kolpos Korallion	8575	32.38795	34.84834
CY	Κονιά/Konia	8300	32.45539	34.78232
CY	Κούκλια/Kouklia	8500	32.60835	34.69173
CY	Κούρδακα/Kourdaka	8544	32.53332	34.85833
CY	Κρίτου Μαρόττου/Kritou Marottou	8747	32.58170	34.93007
CY	Κρίτου Τέρρα/Kritou Tera	8724	32.42085	34.94709
CY	Κυνούσα/Kynousa	8876	32.50417	35.02981
CY	Λαπηθιού/Lapithiou	8647	32.60003	34.90354
CY	Λάσα/Lasa	8740	32.52335	34.91938
CY	Λατσί	8840	32.38639	35.03336
CY	Λειβάδι/Leivadi	8878	32.60415	35.09891
CY	Λεμώνα/Lemona	8545	32.55415	34.85000
CY	Λέμπα/Lempa	8260	32.42085	34.82048
CY	Λετύμβου/Letymvou	8546	32.51668	34.85005
CY	Λίμνη/Limni	8877	32.55477	35.05957
CY	Λόφοι Αφροδίτης/Lofoi Afroditis	8509	32.35000	35.05833
CY	Λουκρούνου/Loukrounou	8725	32.46668	34.95291
CY	Λουτρά της Αφροδίτης/Loutra Tis Afroditis	8853	32.39636	35.01067
CY	Λυσός/Lysos	8800	32.51668	34.98428
CY	Νατά/Nata	8525	32.56398	34.77503
CY	Νέα Δήμματα/Nea Dimmata	8880	32.53155	34.72652
CY	Νέο Χωρίο Πάφου/Neo Chorio Pafou	8852	32.32693	35.04687
CY	Νικόκλεια/Nikokleia	8505	32.56375	34.71441
CY	Πάφος/Pafos	8010	32.41948	34.77037
CY	Πάφος/Pafos	8011	32.41948	34.77037
CY	Πάφος/Pafos	8015	32.41948	34.77037
CY	Πάφος/Pafos	8016	32.41948	34.77037
CY	Πάφος/Pafos	8020	32.41948	34.77037
CY	Πάφος/Pafos	8021	32.41948	34.77037
CY	Πάφος/Pafos	8025	32.41948	34.77037
CY	Πάφος/Pafos	8026	32.41948	34.77037
CY	Πάφος/Pafos	8027	32.41948	34.77037
CY	Πάφος/Pafos	8028	32.41948	34.77037
CY	Πάφος/Pafos	8035	32.41948	34.77037
CY	Πάφος/Pafos	8036	32.41948	34.77037
CY	Πάφος/Pafos	8040	32.41948	34.77037
CY	Πάφος/Pafos	8041	32.41948	34.77037
CY	Πάφος/Pafos	8042	32.41948	34.77037
CY	Πάφος/Pafos	8045	32.41948	34.77037
CY	Πάφος/Pafos	8046	32.41948	34.77037
CY	Πάφος/Pafos	8047	32.41948	34.77037
CY	Πάφος/Pafos	8048	32.41948	34.77037
CY	Πάφος/Pafos	8049	32.41948	34.77037
CY	Παλιάμπελα/Paliampela	8871	32.50017	35.08436
CY	Παναγιά Κάτω/Panagia Kato	8548	32.55553	34.82915
CY	Παναγιά Πάνω/Panagia Pano	8640	32.65834	34.93418
CY	Πέγεια/Pegeia	8560	32.36037	34.89063
CY	Πελαθούσα/Pelathousa	8882	32.49041	35.01668
CY	Πενταλιά/Pentalia	8650	32.62418	34.84585
CY	Πέρα Βάσα/Pera Vasa	8624	32.73425	34.88488
CY	Περιστερώνα Χρυσοχούς/Peristerona Chrysochous	8810	32.48333	34.98750
CY	Πιταργού/Pitargou	8547	32.52497	34.83333
CY	Πιττοκόπος/Pittokopos	8705	32.34759	34.94495
CY	Πολέμι/Polemi	8549	32.50493	34.88281
CY	Πόλη Χρυσοχούς/Poli Chrysochous	8820	32.45712	35.02600
CY	Πομός/Pomos	8870	32.56631	35.14659
CY	Πραιτώρι/Praitori	8630	32.76713	34.87837
CY	Πραστιό Κελοκεδάρων/Prastio Kelokedaron	8606	32.64083	34.80916
CY	Προδρόμι/Prodromi	8854	32.42302	35.02707
CY	Ψαθί/Psathi	8749	32.53192	34.89168
CY	Σαλαμιού/Salamiou	8620	32.67329	34.83333
CY	Σαραμά/Sarama	8814	32.53473	34.94585
CY	Σίμου/Simou	8812	32.50137	34.93064
CY	Σκούλλη/Skoulli	8728	32.45000	34.98625
CY	Σουσκιού/Souskiou	8506	32.61027	34.72764
CY	Στατός/Statos	8651	32.61314	34.88750
CY	Σταυροκόννου/Stavrokonnou	8601	32.61391	34.77916
CY	Στενή/Steni	8884	32.46668	34.98040
CY	Στρουμπί Κάτω/Stroumpi Kato	8550	32.47671	34.88808
CY	Στρουμπί Πάνω/Stroumpi Pano	8551	32.50130	34.89620
CY	Τάλα/Tala	8577	32.43367	34.83625
CY	Τέρα/Tera	8729	32.42085	34.97500
CY	Θελέτρα/Theletra	8723	32.44769	34.91250
CY	Τίμη/Timi	8507	32.51347	34.72090
CY	Τραχυπέδουλα/Trachypedoula	8608	32.68630	34.79861
CY	Τρεμιθούσα/Tremithousa	8270	32.44293	34.81667
CY	Τριμιθούσα Χρυσοχούς/Trimithousa Chrysochous	8813	32.48040	34.96668
CY	Τσάδα/Tsada	8540	32.45958	34.84684
CY	Βρέτσια/Vretsia	8644	32.66250	34.88345
CY	Ζαχαριά/Zacharia	8806	32.56530	34.98170
CY	Αχερίτου/Acheritou	5521	33.85570	35.09132
CY	Άχνα/Achna	5500	33.85778	35.01850
CY	Αφάνεια	5560	33.57761	35.15000
CY	Αγία Νάπα/Agia Napa	5330	34.04456	34.99690
CY	Αγία Θέκλα/Agia Thekla	5391	33.95645	34.99279
CY	Αγία Τριάδα/Agia Triada	5870	34.23134	35.53430
CY	Άγιος Ανδρόνικος Γιαλούσας/Agios Andronikos Gialousas	5820	33.86670	35.32946
CY	Άγιος Ανδρόνικος Τρικώμου/Agios Andronikos Trikomou	5761	34.16781	35.50381
CY	Άγιος Χαρίτων/Agios Chariton	5651	33.59850	35.29620
CY	Άγιος Ευστάθιος/Agios Efstathios	5721	34.01504	35.37933
CY	Άγιος Φίλων/Agios Filon	5872	34.33035	35.58980
CY	Άγιος Γεώργιος Αχερίτου/Agios Georgios Acheritou	5520	33.86537	35.05744
CY	Άγιος Γεώργιος Σπαθαρικού/Agios Georgios Spatharikou	5720	33.86819	35.25854
CY	Άγιος Ιάκωβος/Agios Iakovos	5762	33.81261	35.31910
CY	Άγιος Ηλίας/Agios Ilias	5722	33.95031	35.32083
CY	Άγιος Νικόλαος Λευκονοίκου/Agios Nikolaos Lefkonoikou	5620	33.66888	35.33705
CY	Άγιος Σέργιος/Agios Sergios	5621	33.89656	35.19450
CY	Άγιος Συμεών/Agios Symeon	5821	34.23624	35.49089
CY	Άγιος Θεόδωρος/Agios Theodoros	5723	34.04923	35.35172
CY	Άγιος Θέρισσος/Agios Therissos	5871	34.26689	35.55036
CY	Ακανθού/Akanthou	5750	33.74998	35.37098
CY	Αλόδα/Aloda	5623	33.83333	35.20918
CY	Αμμόχωστος/Ammochostos	5000	33.93590	35.12120
CY	Αγγαστίνα/Angastina	5652	33.58868	35.20013
CY	Άρδανα/Ardana	5763	33.93179	35.35159
CY	Αρναδί/Arnadi	5724	33.89284	35.22826
CY	Άρτεμι/Artemi	5622	33.72115	35.32830
CY	Άσσεια	5561	33.60982	35.12676
CY	Αυγολίδα/Avgolida	5725	33.96593	35.34715
CY	Αυγόρου/Avgorou	5510	33.82370	35.03881
CY	Αγία Ειρήνη/Agia Erini	2820	32.95622	34.97903
CY	Αγιά Κεπήρ/Agia Kepir	2561	33.58253	35.10538
CY	Αγία Μαρίνα Σκυλλούρας/Agia Marina Skyllouras	2670	33.13294	35.20649
CY	Αγία Μαρίνα Ξυλιάτου/Agia Marina Xyliatou	2772	33.05413	35.02868
CY	Αγία Βαρβάρα Λευκωσίας/Agia Varvara Lefkosias	2560	33.35868	34.99445
CY	Άγιο Γεωργούδι/Agio Georgoudi	2952	32.61238	35.15003
CY	Αγίοι Ηλιόφωτοι/Agioi Iliofotoi	2775	33.05905	35.07508
CY	Αγίοι Τριμιθιάς/Agioi Trimithias	2671	33.19803	35.11451
CY	Άγιος Δομέτιος/Agios Dometios	2360	33.34343	35.16680
CY	Άγιος Δομέτιος/Agios Dometios	2361	33.34343	35.16680
CY	Άγιος Δομέτιος/Agios Dometios	2362	33.34343	35.16680
CY	Άγιος Δομέτιος/Agios Dometios	2363	33.34343	35.16680
CY	Άγιος Δομέτιος/Agios Dometios	2364	33.34343	35.16680
CY	Άγιος Δομέτιος/Agios Dometios	2365	33.34343	35.16680
CY	Άγιος Δομέτιος/Agios Dometios	2368	33.34343	35.16680
CY	Άγιος Δομέτιος/Agios Dometios	2369	33.34343	35.16680
CY	Άγιος Δομέτιος/Agios Dometios	2370	33.34343	35.16680
CY	Άγιος Δομέτιος/Agios Dometios	2373	33.34343	35.16680
CY	Άγιος Επιφάνειος Ορεινής/Agios Epifanios Oreinis	2610	33.09201	34.98997
CY	Άγιος Επιφάνειος Σολέας/Agios Epifanios Soleas	2821	32.89042	35.06622
CY	Άγιος Γεώργιος Καυκάλου/Agios Georgios Kafkalou	2773	33.01259	35.02728
CY	Άγιος Γεώργιος Σολέας/Agios Georgios Soleas	2822	32.88040	35.10236
CY	Άγιος Ιωάννης Μαλούντας/Agios Ioannis Malountas	2611	33.18199	35.07085
CY	Άγιος Νικόλαος Λεύκας/Agios Nikolaos Lefkas	2824	32.87965	35.10296
CY	Άγιος Νικόλαος Στέγης/Agios Nikolaos Stegis	2825	32.88962	34.97722
CY	Άγιος Σωζόμενος/Agios Sozomenos	2562	33.43625	35.09066
CY	Άγιος Θεόδωρος Σολέας/Agios Theodoros Soleas	2823	32.93060	35.02738
CY	Άγιος Θεόδωρος Τιλλιρίας/Agios Theodoros Tillirias	2951	32.64708	35.15753
CY	Άγιος Βασίλειος/Agios Vasileios	2672	33.17353	35.22216
CY	Αγλαντζιά	2100	33.39130	35.14590
CY	Αγλαντζιά	2101	33.39130	35.14590
CY	Αγλαντζιά	2102	33.39130	35.14590
CY	Αγλαντζιά	2103	33.39130	35.14590
CY	Αγλαντζιά	2107	33.39130	35.14590
CY	Αγλαντζιά	2108	33.39130	35.14590
CY	Αγλαντζιά	2109	33.39130	35.14590
CY	Αγλαντζιά	2112	33.39130	35.14590
CY	Αγλαντζιά	2113	33.39130	35.14590
CY	Αγλαντζιά	2114	33.39130	35.14590
CY	Αγλαντζιά	2115	33.39130	35.14590
CY	Αγλαντζιά	2116	33.39130	35.14590
CY	Αγλαντζιά	2120	33.39130	35.14590
CY	Αγλαντζιά	2121	33.39130	35.14590
CY	Αγλαντζιά	2122	33.39130	35.14590
CY	Αγλαντζιά	2123	33.39130	35.14590
CY	Αγροκηπιά/Agrokipia	2617	33.15000	35.03425
CY	Αγρολάδου/Agroladou	2837	32.89805	35.03243
CY	Ακάκι/Akaki	2720	33.13567	35.12536
CY	Αλάμπρα/Alampra	2563	33.40328	34.96656
CY	Αλεύκα	2953	32.59815	35.15565
CY	Αληθινού/Alithinou	2750	33.03575	34.95129
CY	Άλωνα/Alona	2751	33.03173	34.93178
CY	Αμμαδιές/Ammadies	2954	32.71668	35.14162
CY	Αμπελικού/Ampelikou	2920	32.79899	35.09819
CY	Ανάγεια/Anagyia	2640	33.23788	35.06724
CY	Αναλιόντας/Analiontas	2641	33.28161	34.99265
CY	Αγγλικός Στρατός Λευκωσίας/Anglikos Stratos Lefkosias	1370	33.33474	35.14995
CY	Αγγολέμι/Angolemi	2826	32.95456	35.12040
CY	Απλίκι/Apliki	2613	33.12248	34.92177
CY	Αρεδιού/Arediou	2614	33.20415	35.05481
CY	Αργάκι/Argaki	2721	33.03296	35.18747
CY	Ασίνου/Asinou	2778	32.97085	35.03330
CY	Ασκάς/Askas	2752	33.07600	34.91959
CY	Αστρομερίτης/Astromeritis	2722	33.03120	35.14271
CY	Αυλώνα/Avlona	2673	33.10738	35.18267
CY	Καϊμακλί/Kaimakli	1020	33.37630	35.17117
CY	Καϊμακλί/Kaimakli	1021	33.37630	35.17117
CY	Καϊμακλί/Kaimakli	1022	33.37630	35.17117
CY	Καϊμακλί/Kaimakli	1025	33.37630	35.17117
CY	Καϊμακλί/Kaimakli	1026	33.37630	35.17117
CY	Καϊμακλί/Kaimakli	1027	33.37630	35.17117
CY	Καϊμακλί/Kaimakli	1028	33.37630	35.17117
CY	Κακοπετριά/Kakopetria	2800	32.90557	34.96260
CY	Καλιάνα/Kaliana	2832	32.87498	34.99585
CY	Καλλιθέα/Kallithea	2548	32.50000	34.84583
CY	Καλό Χωριό Λεύκας/Kalo Chorio Lefkas	2833	32.86733	35.09685
CY	Καλό Χωριό Ορεινής/Kalo Chorio Oreinis	2616	33.17164	34.99602
CY	Καλοπαναγιώτης/Kalopanagiotis	2862	32.84963	34.95888
CY	Καλυβάκια/Kalyvakia	2523	33.55862	35.26905
CY	Καμπί Φαρμακά/Kampi Farmaka	2619	33.12590	34.90170
CY	Καμπιά/Kampia	2644	33.25611	35.00694
CY	Κάμπος/Kampos	2863	32.72992	35.02137
CY	Κανλί/Kanli	2677	33.24718	35.22215
CY	Καννάβια/Kannavia	2834	32.98878	34.97843
CY	Καπέδες/Kapedes	2645	33.25314	34.93778
CY	Καπούτη	2726	33.03395	35.23803
CY	Καραβοστάσι/Karavostasi	2924	32.81387	35.12244
CY	Καταλιόντας/Kataliontas	2646	33.29752	34.98294
CY	Κάτω Μονή /Kato Moni	2776	33.09674	35.04999
CY	Κατωκοπιά/Katokopia	2725	33.04921	35.17281
CY	Κατύδατα/Katydata	2835	32.89801	35.08333
CY	Καζιβερά/Kazivera	2923	32.80434	35.14453
CY	Κιόνελι/Kioneli	2678	33.21676	35.20193
CY	Κλήρου/Klirou	2600	33.18755	35.01239
CY	Κόκκινα/Kokkina	2955	32.61341	35.17512
CY	Κοκκινοτριμιθιά/Kokkinotrimithia	2660	33.20385	35.14376
CY	Κωνστάντια/Konstantia	2547	33.90417	35.19167
CY	Κοράκου/Korakou	2836	32.87202	35.03332
CY	Κοτσιάτης/Kοtsiatis	2564	33.35448	34.94757
CY	Κούρδαλι/Kourdali	2846	32.85138	35.06526
CY	Κουρού Μοναστήρι/Kourou Monastiri	2524	33.55580	35.20835
CY	Κουτραφάς Κάτω/Koutrafas Kato	2770	32.97113	35.11345
CY	Κουτραφάς Πάνω/Koutrafas Pano	2771	32.98468	35.07497
CY	Κυρά/Kyra	2727	33.06756	35.20831
CY	Κυθρέα/Kythrea	2500	33.49433	35.25986
CY	Μαλούντα Λευκωσίας/Malounta Lefkosias	2612	33.18344	35.03750
CY	Μάμμαρη/Mammari	2679	33.19654	35.17811
CY	Μανσούρα/Mansoura	2958	32.63947	35.18455
CY	Μαρκί	2647	33.31913	35.00015
CY	Μαργό/Marko	2569	33.48674	35.07457
CY	Μάσαρη/Masari	2680	33.06760	35.17994
CY	Μαθιάτης/Mathiatis	2568	33.33283	34.96534
CY	Μένικο/Meniko	2728	33.00566	35.21477
CY	Μια Μηλιά/Mia Milia	2525	33.42291	35.20337
CY	Μιτσερό/Mitsero	2622	33.11252	35.03004
CY	Μονή Αγίου Ηρακλειδίου/Moni Agiou Irakleidiou	2648	33.33495	35.02031
CY	Μονή Αγίου Παντελεήμονος Αχερά/Moni Agiou Panteleimonos Ac	2624	33.13962	35.06369
CY	Μονή Αρχαγγέλου Μιχαήλ/Moni Archangelou Michail	2649	33.32988	35.03580
CY	Μονή Κύκκου/Moni Kykkou	2865	32.78749	34.96717
CY	Μονή Μαχαιρά/Moni Machaira	2621	33.13726	34.99501
CY	Μονή Παναγίας Θεοτόκου/Moni Panagias Theotokou	2653	33.21036	34.93898
CY	Μονή Προφήτη Ηλία/Moni Profiti Ilia	2570	33.43726	35.05179
CY	Μόρα/Mora	2526	33.55096	35.17068
CY	Μόρφου/Morfou	2700	32.99439	35.20250
CY	Μοσφίλι/Mosfili	2959	32.63176	35.16176
CY	Μουτουλλάς/Moutoullas	2866	32.81567	34.98020
CY	Μυλικούρι/Mylikouri	2864	32.72935	34.94525
CY	Παχύαμμος/Pachyammos	2961	32.57900	35.16819
CY	Παλαιχώρι Μόρφου/Palaichori Morfou	2740	33.09863	34.92677
CY	Παλαιχώρι Ορεινής/Palaichori Oreinis	2745	33.11296	34.92621
CY	Παλαίκυθρο/Palaikythro	2529	33.46645	35.17218
CY	Παλαιομέτοχο/Paliometocho	2682	33.26176	35.19859
CY	Παλλουριώτισσα/Pallouriotissa	1035	33.36000	35.17000
CY	Παλλουριώτισσα/Pallouriotissa	1036	33.36000	35.17000
CY	Παλλουριώτισσα/Pallouriotissa	1037	33.36000	35.17000
CY	Παλλουριώτισσα/Pallouriotissa	1040	33.36000	35.17000
CY	Παλλουριώτισσα/Pallouriotissa	1041	33.36000	35.17000
CY	Παλλουριώτισσα/Pallouriotissa	1042	33.36000	35.17000
CY	Παλλουριώτισσα/Pallouriotissa	1045	33.36000	35.17000
CY	Παλλουριώτισσα/Pallouriotissa	1046	33.36000	35.17000
CY	Παλλουριώτισσα/Pallouriotissa	1047	33.36000	35.17000
CY	Παλλουριώτισσα/Pallouriotissa	1048	33.36000	35.17000
CY	Παλλουριώτισσα/Pallouriotissa	1049	33.36000	35.17000
CY	Πεδουλάς/Pedoulas	2850	32.83823	34.96648
CY	Πεντάγεια/Pentageia	2928	32.84459	35.13436
CY	Πέρα Χωριό/Pera Chorio	2572	33.39821	35.02920
CY	Πέρα Ορεινής/Pera Oreinis	2650	33.29381	35.01849
CY	Περιστερώνα/Peristerona Morfou	2731	33.07083	35.13782
CY	Περιστερωνάρι/Peristeronari	2929	32.87436	35.12772
CY	Πέτρα/Petra	2838	32.91086	35.09597
CY	Πέτρα του Διγενή/Petra Tou Digeni	2530	33.54975	35.22785
CY	Πηγένια/Pigenia	2962	32.65668	35.15639
CY	Πλατανιστάσα/Platanistasa	2755	33.05000	34.93059
CY	Πολιτικό/Politiko	2651	33.22937	35.01947
CY	Πολύστυπος/Polystypos	2756	33.05053	34.96828
CY	Ποτάμι/Potami	2780	33.03237	35.09654
CY	Ποταμιά/Potamia	2573	33.44376	35.03650
CY	Ποταμός του Κάμπου/Potamos Tou Kampou	2930	33.46672	35.04119
CY	Πραστιό Μόρφου/Prastio Morfou	2931	32.92229	35.16782
CY	Ψιμολόφου/Psimolofou	2630	33.27802	35.04544
CY	Πύργος Κάτω Τιλλιρίας/Pyrgos Kato Tillirias	2940	32.68975	35.18007
CY	Πύργος Πάνω Τιλλιρίας/Pyrgos Pano Tillirias	2950	32.67829	35.14405
CY	Πυρόι	2531	33.51513	35.23251
CY	Άγιος Αμβρόσιος/Agios Amvrosios	4710	32.82915	34.75515
CY	Άγιος Αθανάσιος/Agios Athanasios	4100	33.04031	34.69672
CY	Άγιος Αθανάσιος/Agios Athanasios	4101	33.04031	34.69672
CY	Άγιος Αθανάσιος/Agios Athanasios	4102	33.04031	34.69672
CY	Άγιος Αθανάσιος/Agios Athanasios	4103	33.04031	34.69672
CY	Άγιος Αθανάσιος/Agios Athanasios	4104	33.04031	34.69672
CY	Άγιος Αθανάσιος/Agios Athanasios	4105	33.04031	34.69672
CY	Άγιος Αθανάσιος/Agios Athanasios	4106	33.04031	34.69672
CY	Άγιος Αθανάσιος/Agios Athanasios	4107	33.04031	34.69672
CY	Άγιος Αθανάσιος/Agios Athanasios	4108	33.04031	34.69672
CY	Άγιος Δημήτριος/Agios Dimitrios	4842	32.81352	34.91467
CY	Άγιος Γεώργιος/Agios Georgios	4740	32.90668	34.81836
CY	Άγιος Ιωάννης Αγρού/Agios Ioannis Agrou	4871	33.03963	34.90634
CY	Άγιος Κωνσταντίνος/Agios Konstantinos	4561	33.07502	34.87608
CY	Άγιος Μάμας/Agios Mamas	4741	32.96147	34.86071
CY	Άγιος Παύλος/Agios Pavlos	4562	33.04585	34.87508
CY	Άγιος Θεόδωρος Αγρού/Agios Theodoros Agrou	4870	33.03791	34.88004
CY	Άγιος Θεράπων/Agios Therapon	4711	32.83749	34.79585
CY	Άγιος Θωμάς/Agios Thomas	4606	32.70653	34.72910
CY	Άγιος Τύχωνας/Agios Tychonas	4521	33.13550	34.71354
CY	Άγιος Τύχωνας Τουριστική Περιοχή/Agios Tychonas Touristiki	4532	33.07000	34.69000
CY	Αγρίδια/Agridia	4872	32.99444	34.92861
CY	Αγρός/Agros	4860	33.02103	34.91518
CY	Ακαπνού/Akapnou	4501	33.18330	34.83763
CY	Ακρωτήρι/Akrotiri	4640	32.99113	34.59078
CY	Ακρούντα/Akrounta	4522	33.08914	34.77419
CY	Ακτή Κυβερνήτη/Akti Kyverniti	4528	33.25260	34.73055
CY	Άλασσα/Alassa	4712	32.92224	34.74324
CY	Αλέκτορα/Alektora	4602	32.66803	34.69427
CY	Αμίαντος Κάτω/Amiantos Kato	4810	32.90918	34.91526
CY	Αμίαντος Πάνω/Amiantos Pano	4811	32.94422	34.91753
CY	Αγγλικός Στρατός Ακρωτηρίου/Anglikos Stratos Akrotiriou	3370	33.00000	33.80000
CY	Ανώγυρα/Anogyra	4603	32.73148	34.73174
CY	Απεσιά/Apesia	4541	32.97740	34.77489
CY	Αψιού/Apsiou	4542	33.02573	34.80138
CY	Αρακαπάς/Arakapas	4563	33.10293	34.82605
CY	Αρμενοχώρι/Armenochori	4523	33.13124	34.74583
CY	Άρσος/Arsos	4770	32.76308	34.82952
CY	Ασγάτα/Asgata	4502	33.25073	34.77878
CY	Ασώματος/Asomatos	4645	32.97211	34.62896
CY	Αθρακός/Athrakos	4567	33.05281	34.85000
CY	Αυδήμου/Avdimou	4600	32.76385	34.68278
CY	Πάχνα/Pachna	4700	32.79165	34.76273
CY	Παλαιόμυλος/Palaiomylos	4845	32.81667	34.93842
CY	Παλόδεια/Palodeia	4549	32.98946	34.74520
CY	Πάνω Πολεμίδια/Pano Polemidia	4130	32.98602	34.70594
CY	Πάνω Πολεμίδια/Pano Polemidia	4131	32.98602	34.70594
CY	Παραμάλι/Paramali	4604	32.79190	34.68607
CY	Παραμύθα/Paramytha	4540	33.00991	34.75904
CY	Παρεκκλησιά/Parekklisia	4520	33.16439	34.73191
CY	Παρεκκλησιά Τουριστική Περιοχή/Parekklisia Touristiki Peri	4533	33.05000	34.75000
CY	Πελένδρι/Pelendri	4878	32.95731	34.89344
CY	Πεντάκωμο/Pentakomo	4528	33.25260	34.73055
CY	Πέρα Πεδί/Pera Pedi	4779	32.86339	34.85569
CY	Πισσούρι/Pissouri	4607	32.67645	34.66580
CY	Πλατανίστεια/Platanisteia	4605	32.72210	34.69096
CY	Πλατιές Μεταλλεία/Platies Metalleia	4503	32.83796	34.85602
CY	Πλάτρες Κάτω/Platres Kato	4815	32.83875	34.86937
CY	Πλάτρες Πάνω/Platres Pamo	4820	32.85246	34.86039
CY	Ποταμιού/Potamiou	4780	32.79493	34.82000
CY	Ποταμίτισσα/Potamitissa	4879	32.98750	34.89168
CY	Πραστιό Αυδήμου/Prastio Avdimou	4601	32.80686	34.73001
CY	Πραστιό Κελλακίου/Prastio Kellakiou	4505	32.77205	34.73559
CY	Πρόδρομος/Prodromos	4840	32.79371	34.88829
CY	Προφήτης Ηλίας/Profitis Ilias	4511	33.17064	34.77354
CY	Πύργος/Pyrgos Lemesou	4529	33.05223	34.69442
CY	Πύργος Τουριστική Περιοχή/Pyrgos Touristiki Periochi	4534	33.08000	34.69000
CY	Αχέλεια/Acheleia	8503	32.48747	34.73051
CY	Αγία Μαρίνα Χρυσοχούς/Agia Marina Chrysochous	8881	32.54093	35.11016
CY	Αγία Μαρίνα Κελοκεδάρων/Agia Marina Kelokedaron	8641	32.62294	34.81667
CY	Αγία Μαρινούδα/Agia Marinouda	8240	32.46884	34.76668
CY	Αγία Βαρβάρα Πάφου/Agia Varvara Pafou	8501	32.51486	34.75484
CY	Άγιος Δημητριανός/Agios Dimitrianos	8741	32.55125	34.91250
CY	Άγιος Φώτιος/Agios Fotios	8652	32.61567	34.86668
CY	Άγιος Γεώργιος Κελοκεδάρων/Agios Georgios Kelokedaron	8607	32.66083	34.80664
CY	Άγιος Γεώργιος Πέγειας/Agios Georgios Pegeias	8570	32.40940	34.89627
CY	Άγιος Ιωάννης Σαλαμιούς/Agios Ioannis Salamious	8621	32.67305	34.87933
CY	Άγιος Ισίδωρος/Agios Isidoros	8872	32.47111	35.00528
CY	Άγιος Μερκούριος/Agios Merkourios	8801	32.56085	35.03196
CY	Άγιος Νικόλαος Σαλαμιούς/Agios Nikolaos Salamious	8623	32.74415	34.84623
CY	Ακουρδάλεια Κάτω/Akourdaleia Kato	8721	32.44585	34.94585
CY	Ακουρδάλεια Πάνω/Akourdaleia Pano	8722	32.43455	34.93515
CY	Ακουρσός/Akoursos	8572	32.44277	34.87894
CY	Αμαργέτη/Amargeti	8642	32.58750	34.81253
CY	Αμπελίτης/Ampelitis	8653	32.58818	34.87432
CY	Αναδιού/Anadiou	8802	32.57538	34.94881
CY	Αναρίτα/Anarita	8502	32.53826	34.73980
CY	Ανδρολίκου/Androlikou	8701	32.38745	34.99734
CY	Αρχιμανδρίτα Κάτω/Archimandrita Kato	8602	32.67968	34.73624
CY	Αρχιμανδρίτα Πάνω/Archimandrita Pano	8603	32.67086	34.74423
CY	Αργάκα/Argaka	8873	32.50874	35.05724
CY	Αρμίνου/Arminou	8625	32.72085	34.85499
CY	Άρμου/Armou	8522	32.48837	34.80832
CY	Αρόδες Κάτω/Arodes Kayo	8702	32.36675	34.92423
CY	Αρόδες Πάνω/Arodes Pano	8703	32.41083	34.92626
CY	Ασπρογιά/Asprogia	8643	32.60670	34.93557
CY	Αξύλου/Axylou	8521	32.55478	34.79657
CY	Μάα/Maa	8571	32.41734	34.87033
CY	Μακούντα/Makounta	8879	32.46235	35.05091
CY	Μαλούντα Πάφου/Malounta Pafou	8622	32.69814	34.87837
CY	Μαμώνια/Mamonia	8600	32.63335	34.76806
CY	Μαμούνταλη/Mamountali	8648	32.63448	34.97852
CY	Μανδριά/Mandria	8504	32.53522	34.71324
CY	Μαραθούντα/Marathounta	8520	32.49209	34.77499
CY	Μάρωνας/Maronas	8604	32.67500	34.77231
CY	Μελάδεια/Meladeia	8808	32.50000	34.99078
CY	Μελαμιού/Melamiou	8745	32.56667	34.89279
CY	Μελάνδρα/Melandra	8809	32.53040	34.98518
CY	Μέσα Χωριό/Mesa Chorio	8290	32.46250	34.80415
CY	Μέσανα/Mesana	8631	32.69583	34.85168
CY	Μεσόγη/Mesogi	8280	32.46260	34.81669
CY	Μηλιά/Milia	8744	32.53997	34.91837
CY	Μηλιού/Miliou	8726	32.46670	34.93333
CY	Μυρμιγκόφου/Mirmikofou	8883	32.46315	35.01862
CY	Μονή Αγίων Αναργύρων/Moni Agion Anargyron	8727	32.45903	34.95446
CY	Μονή Αγίου Νεοφύτου/Moni Agiou Neofytou	8576	32.41225	34.84629
CY	Μονή Χρυσορρογιάτισσας/Moni Chrysorrogiatiisas	8649	32.60114	34.86020
CY	Μωρό Νερό/Moro Nero	8542	32.52878	34.81335
CY	Μούσερε/Mousere	8605	32.70229	34.77025
