MD	Albinita	MD-6531	29.1739	46.8906
MD	Anenii Noi	MD-6501	29.2247	46.8789
MD	Balmaz	MD-6537	29.285	46.7981
MD	Batic	MD-6516	29.1914	46.7956
MD	Beriozchi	MD-6501	29.2625	46.8733
MD	Botnaresti	MD-6511	29.1622	46.9347
MD	Botnarestii Noi	MD-6511	29.1669	46.9203
MD	Bulboaca	MD-6512	29.3097	46.8831
MD	Calfa	MD-6513	29.3753	46.9042
MD	Calfa Noua	MD-6513	29.3614	46.9125
MD	Chetrosu	MD-6514	29.0436	46.9164
MD	Chirca	MD-6515	29.1092	46.9225
MD	Ciobanovca	MD-6516	29.19	46.8144
MD	Cobusca Noua	MD-6517	29.2069	46.9314
MD	Cobusca Veche	MD-6518	29.1792	46.9722
MD	Cretoaia	MD-6519	29.1347	46.8667
MD	Delacau	MD-6520	29.3031	47.0989
MD	Floreni	MD-6521	28.9928	46.9347
MD	Floresti	MD-6518	29.1792	46.9722
MD	Geamana	MD-6522	29.1389	46.8183
MD	Gura Bicului	MD-6523	29.4586	46.9311
MD	Hirbovat	MD-6524	29.3583	46.8425
MD	Hirbovatul Nou	MD-6501	29.2775	46.8319
MD	Larga	MD-7722	29.1608	46.7583
MD	Maximovca	MD-6525	29.0128	47.01
MD	Mereni	MD-6526	29.0533	46.9633
MD	Merenii Noi	MD-6527	29.0564	46.9244
MD	Mirnoe	MD-6537	29.2289	46.8014
MD	Nicolaevca	MD-7723	29.2106	46.7722
MD	Ochiul Ros	MD-7724	29.1106	46.7672
MD	Petrovca	MD-6526	29.0858	46.9753
MD	Picus	MD-7722	29.0942	46.75
MD	Puhaceni	MD-6529	29.3467	47.0889
MD	Roscani	MD-6530	29.3206	46.9006
MD	Ruseni	MD-6531	29.2	46.8853
MD	Salcia	MD-6511	29.1694	46.9425
MD	Serpeni	MD-6534	29.3497	47.0208
MD	Socoleni	MD-6532	29.19	46.91
MD	Speia	MD-6533	29.3233	46.9817
MD	Telita	MD-6535	29.3039	46.9569
MD	Telita Noua	MD-6535	29.2864	46.9806
MD	Tintareni	MD-6538	29.1389	46.9031
MD	Todiresti	MD-6536	29.0864	46.9072
MD	Troita Noua	MD-6537	29.265	46.7903
MD	Varnita-2	MD-6530	29.3206	46.9006
MD	Zolotievca	MD-7723	29.1903	46.7364
MD	Balti	MD-3100	27.9289	47.7617
MD	Bender	MD-3200	29.4711	46.8306
MD	Proteagailovca	MD-3252	29.4419	46.8231
MD	Varnita	MD-3251	29.4692	46.8614
MD	Balasinesti	MD-4711	26.9606	48.2439
MD	Balcauti	MD-4712	27.2022	48.2833
MD	Beleavinti	MD-4725	26.9461	48.2886
MD	Berlinti	MD-4713	26.9358	48.3119
MD	Bezeda	MD-4714	27.0011	48.1608
MD	Bocicauti	MD-4712	27.1747	48.2922
MD	Bogdanesti	MD-4715	27.0019	48.1403
MD	Bulboaca	MD-4716	27.1983	48.3717
MD	Caracusenii Noi	MD-4717	27.0242	48.3253
MD	Caracusenii Vechi	MD-4718	27.0758	48.27
MD	Chirilovca	MD-4729	27.1783	48.2586
MD	Colicauti	MD-4719	27.1539	48.3089
MD	Corjeuti	MD-4720	27.0422	48.2228
MD	Coteala	MD-4721	26.8619	48.3308
MD	Cotiujeni	MD-4722	26.9381	48.3444
MD	Criva	MD-4723	26.6722	48.2711
MD	Drepcauti	MD-4724	26.7242	48.2717
MD	Ghilavat	MD-4725	26.9461	48.2886
MD	Grimancauti	MD-4726	27.0897	48.3894
MD	Grimesti	MD-4715	26.9744	48.1331
MD	Groznita	MD-4727	27.2372	48.26
MD	Halahora De Jos	MD-4728	27.1697	48.2314
MD	Halahora De Sus	MD-4729	27.1783	48.2586
MD	Hlina	MD-4730	26.8781	48.2911
MD	Larga	MD-4731	26.8433	48.3722
MD	Marcauti	MD-4732	27.2261	48.3139
MD	Marcautii Noi	MD-4732	27.2281	48.2975
MD	Medveja	MD-4733	26.7864	48.3619
MD	Mihaileni	MD-4734	27.2508	48.2472
MD	Pavlovca	MD-4731	26.8747	48.3808
MD	Pererita	MD-4735	26.9158	48.2072
MD	Sirauti	MD-4736	26.8425	48.2372
MD	Slobozia-Medveja	MD-4733	26.7525	48.3806
MD	Slobozia-Sirauti	MD-4737	26.8725	48.2425
MD	Tabani	MD-4738	27.0975	48.3122
MD	Tetcani	MD-4739	26.9756	48.1817
MD	Trebisauti	MD-4740	27.1908	48.3558
MD	Trestieni	MD-4741	27.1322	48.2697
MD	Alexandresti	MD-3916	28.4125	46.0503
MD	Alexandru Ioan Cuza	MD-5311	28.4494	45.5992
MD	Andrusul De Jos	MD-3911	28.2211	45.9858
MD	Andrusul De Sus	MD-3912	28.2461	46.0075
MD	Badicul Moldovenesc	MD-3913	28.2706	46.0944
MD	Baurci-Moldoveni	MD-3914	28.2328	46.0331
MD	Borceag	MD-7415	28.525	46.05
MD	Brinza	MD-5312	28.1742	45.6778
MD	Bucuria	MD-3915	28.3489	45.9656
MD	Burlaceni	MD-5313	28.5069	45.7581
MD	Burlacu	MD-3916	28.4128	46.0447
MD	Chioselia Mare	MD-3934	28.4903	46.1
MD	Chircani	MD-3919	28.1722	46.0872
MD	Cislita-Prut	MD-5315	28.17	45.5378
MD	Colibasi	MD-5316	28.1803	45.7186
MD	Cotihana	MD-3917	28.2436	45.9381
MD	Crihana Veche	MD-3918	28.1947	45.8458
MD	Cucoara	MD-3919	28.1708	46.0569
MD	Doina	MD-7323	28.3289	46.1119
MD	Frumusica	MD-3934	28.4831	46.0814
MD	Gavanoasa	MD-5317	28.3833	45.7656
MD	Gibani*	MD-3914	28.2328	46.0331
MD	Giurgiulesti	MD-5318	28.1972	45.4817
MD	Greceni	MD-5313	28.3917	45.7217
MD	Huluboaia	MD-3920	28.3333	46.0658
MD	Hutulu	MD-3922	28.3006	45.8631
MD	Iasnaia Poleana	MD-7323	28.3044	46.1411
MD	Iujnoe	MD-5319	28.4775	45.7525
MD	Larga Noua	MD-3921	28.2242	46.0725
MD	Larga Veche	MD-3921	28.2453	46.0708
MD	Lebedenco	MD-3922	28.2917	45.8561
MD	Lopatica	MD-3923	28.4122	45.9294
MD	Lucesti	MD-3924	28.3364	45.9889
MD	Manta	MD-3925	28.1833	45.8061
MD	Moscovei	MD-3926	28.3556	45.9342
MD	Nicolaevca	MD-5317	28.3772	45.7572
MD	Paicu	MD-3933	28.1553	46.0378
MD	Pascani	MD-3934	28.1878	45.825
MD	Pelinei	MD-3927	28.3219	45.8269
MD	Rosu	MD-3928	28.1942	45.9547
MD	Rumeantev	MD-7333	28.2822	46.1136
MD	Satuc	MD-3927	28.3528	45.8031
MD	Spicoasa	MD-3916	28.3769	46.0344
MD	Taraclia De Salcie	MD-3929	28.4153	46.0075
MD	Tartaul De Salcie	MD-3930	28.4119	45.9719
MD	Tataresti	MD-3931	28.3453	46.025
MD	Tretesti	MD-3933	28.1667	46
MD	Trifestii Noi	MD-3926	28.355	45.9481
MD	Tudoresti	MD-3930	28.4028	45.9642
MD	Ursoaia	MD-3932	28.3156	45.8531
MD	Vadul Lui Isac	MD-5321	28.1667	45.7611
MD	Valeni	MD-5322	28.1764	45.6406
MD	Vladimirovca	MD-5323	28.3653	45.7881
MD	Zirnesti	MD-3933	28.1631	46.0111
MD	Bahmut	MD-4411	28.1158	47.3225
MD	Bahu	MD-4413	28.4667	47.4225
MD	Bravicea	MD-4414	28.4361	47.3611
MD	Buda	MD-4415	28.2189	47.2089
MD	Bularda	MD-4418	28.2222	47.3561
MD	Cabaiesti	MD-4416	28.1467	47.2164
MD	Calarasi 1	MD-4401	28.3079	47.2368
MD	Calarasi 4	MD-4403	28.2361	47.2994
MD	Dereneu	MD-4418	28.2425	47.3817
MD	Duma	MD-4418	28.2324	47.3689
MD	Frumoasa	MD-4419	28.4028	47.3289
MD	Hirbovat	MD-4422	28.2928	47.3533
MD	Hirjauca	MD-4421	28.2225	47.3242
MD	Hirova	MD-4420	28.2817	47.4131
MD	Hoginesti	MD-4423	28.3208	47.3733
MD	Horodiste	MD-4424	28.2519	47.2086
MD	Leordoaia	MD-4421	28.1533	47.3456
MD	Meleseni	MD-4425	28.3889	47.3756
MD	Mindra	MD-4426	28.2672	47.3194
MD	Niscani	MD-4427	28.3444	47.2672
MD	Novaci	MD-4428	28.2667	47.2361
MD	Oniscani	MD-4429	28.2881	47.3653
MD	Oricova	MD-4403	28.2361	47.2994
MD	Palanca	MD-4421	28.2014	47.3333
MD	Parcani	MD-4434	28.3736	47.2944
MD	Paulesti	MD-4430	28.3708	47.2681
MD	Peticeni	MD-4431	28.2072	47.2372
MD	Pirjolteni	MD-4433	28.2417	47.1969
MD	Pitusca	MD-4432	28.4197	47.2375
MD	Podul Lung	MD-4438	28.2503	47.2619
MD	Raciula	MD-4435	28.3436	47.3025
MD	Radeni	MD-4435	28.2167	47.3978
MD	Sadova	MD-4436	28.3447	47.1911
MD	Saseni	MD-4437	28.5014	47.3678
MD	Schinoasa *	MD-4441	28.1289	47.2672
MD	Selistea Noua	MD-4401	28.3128	47.2319
MD	Sipoteni	MD-4438	28.1981	47.2772
MD	Sverida	MD-4422	28.2928	47.3533
MD	Temeleuti	MD-4439	28.0719	47.2539
MD	Tibirica	MD-4440	28.3689	47.3714
MD	Tuzara	MD-4401	28.3031	47.2417
MD	Ursari	MD-4415	28.1894	47.2214
MD	Valcinet	MD-4441	28.1289	47.2672
MD	Varzarestii Noi	MD-4442	28.445	47.2322
MD	Vatamaneasca *	MD-4403	28.2361	47.2994
MD	Veverita	MD-3631	28.1056	47.3442
MD	Alexandrovca	MD-6613	28.5542	48.0297
MD	Bodeni	MD-6628	28.7808	48.0819
MD	Caterinovca	MD-6611	28.8669	47.9339
MD	Constantinovca	MD-6635	28.8572	47.9881
MD	Crasnii Octeabri	MD-6613	28.5486	48.0128
MD	Cuzmin	MD-6617	28.6328	48.0944
MD	Frunzauca	MD-6619	28.5844	48.1569
MD	Hristovaia	MD-6618	28.7342	48.1014
MD	Hrusca	MD-6619	28.5717	48.1125
MD	Iantarnoe	MD-6620	28.8367	47.9028
MD	Ocnita	MD-6624	28.6364	48.1336
MD	Podoima	MD-6625	28.7753	47.995
MD	Podoimita	MD-6626	28.7561	48.0047
MD	Rascov	MD-6627	28.8253	47.955
MD	Rotari	MD-6628	28.8161	48.1053
MD	Sadchi	MD-6620	28.8678	47.8989
MD	Severinovca	MD-6630	28.725	48.0664
MD	Slobozia-Rascov	MD-6631	28.9489	47.9517
MD	Socolovca	MD-6628	28.8383	48.0619
MD	Valea Adinca	MD-6635	28.8406	48.0056
MD	Voitovca	MD-6617	28.605	48.1061
MD	Acui	MD-7311	28.4247	46.1867
MD	Alexandrovca	MD-7337	28.2664	46.23
MD	Antonesti	MD-7312	28.2172	46.3378
MD	Baimaclia	MD-7313	28.3869	46.1872
MD	Bobocica	MD-7324	28.416	46.2281
MD	Cania	MD-7314	28.2286	46.2814
MD	Capaclia	MD-7315	28.3997	46.3286
MD	Chioselia	MD-7316	28.4039	46.1411
MD	Ciobalaccia	MD-7318	28.2872	46.1744
MD	Cirpesti	MD-7319	28.3367	46.2636
MD	Cisla	MD-7320	28.3333	46.1419
MD	Cociulia	MD-7321	28.4147	46.3578
MD	Constantinesti	MD-7333	28.215	46.1114
MD	Costangalia	MD-7322	28.3872	46.11
MD	Craciun	MD-7329	28.3517	46.2328
MD	Dimitrova	MD-7317	28.4681	46.1589
MD	Enichioi	MD-7324	28.42	46.2217
MD	Flocoasa	MD-7318	28.2514	46.1528
MD	Floricica	MD-7324	28.4119	46.2344
MD	Ghioltosu	MD-7325	28.1603	46.1917
MD	Gotesti	MD-7326	28.1672	46.1478
MD	Hanaseni	MD-7339	28.3303	46.3481
MD	Haragis	MD-7327	28.3783	46.2894
MD	Hirtop	MD-7337	28.2511	46.2339
MD	Iepureni	MD-7314	28.2214	46.2633
MD	Larguta	MD-7328	28.3192	46.305
MD	Leca	MD-7312	28.205	46.3097
MD	Lingura	MD-7329	28.3225	46.2331
MD	Pleseni	MD-7330	28.3425	46.3567
MD	Plopi	MD-7331	28.2142	46.2078
MD	Popovca	MD-7329	28.3094	46.2481
MD	Porumbesti	MD-7332	28.2775	46.3139
MD	Sadic	MD-7344	28.5128	46.2675
MD	Samalia	MD-7336	28.4358	46.2733
MD	Sofranovca	MD-7320	28.3594	46.1239
MD	Stoianovca	MD-7335	28.1644	46.2592
MD	Suhat	MD-7320	28.3442	46.1625
MD	Taraclia	MD-7337	28.2267	46.22
MD	Taraclia	MD-7344	28.2267	46.22
MD	Tarancuta	MD-7316	28.4681	46.1589
MD	Tartaul	MD-7338	28.3214	46.2069
MD	Tataraseni	MD-7339	28.3019	46.3403
MD	Tiganca	MD-7341	28.1558	46.2333
MD	Tiganca Noua	MD-7341	28.1736	46.2047
MD	Toceni	MD-7340	28.2189	46.3669
MD	Tolica	MD-7324	28.416	46.2281
MD	Victorovca	MD-7318	28.2917	46.1783
MD	Vilcele	MD-7343	28.2558	46.3814
MD	Visniovca	MD-7342	28.4494	46.3333
MD	Ciietu	MD-7317	28.4817	46.1353
MD	Slobozia Mare	MD-5320	28.1739	45.5764
MD	Baccealia	MD-4311	29.2806	46.6911
MD	Baimaclia	MD-7711	29.0928	46.5908
MD	Baurci	MD-7714	28.9522	46.6581
MD	Cainari	MD-7701	29.0461	46.6789
MD	Chircaesti	MD-4312	29.5217	46.7181
MD	Chircaestii Noi	MD-7714	28.9522	46.6581
MD	Cirnateni	MD-4313	29.4919	46.6544
MD	Cirnatenii Noi	MD-7717	29.135	46.6494
MD	Ciuflesti	MD-7716	29.0019	46.6242
MD	Constantinovca	MD-7719	29.1094	46.7211
MD	Copanca	MD-5716	29.6206	46.7169
MD	Coscalia	MD-7720	29.1569	46.6856
MD	Firladeni	MD-4314	29.3669	46.7883
MD	Firladenii Noi	MD-4315	29.3011	46.7525
MD	Florica	MD-7726	29.2222	46.69
MD	Gradinita	MD-4221	29.5842	46.6531
MD	Grigorievca	MD-4318	29.3294	46.6897
MD	Hagimus	MD-4319	29.4797	46.7564
MD	Leuntea	MD-4223	29.5878	46.6628
MD	Marianca De Sus	MD-4329	29.3119	46.6483
MD	Opaci	MD-4320	29.35	46.5797
MD	Pervomaisc	MD-7725	29.0892	46.7011
MD	Plop	MD-7726	29.2197	46.7108
MD	Plop-Stiubei	MD-4321	29.5144	46.675
MD	Saiti	MD-4322	29.4075	46.4967
MD	Salcuta	MD-4323	29.2444	46.595
MD	Salcuta Noua	MD-7717	29.1906	46.6322
MD	Stefanesti	MD-4325	29.3708	46.7067
MD	Surchiceni	MD-7729	29.0536	46.6228
MD	Tanatari	MD-4324	29.4156	46.7222
MD	Tanatarii Noi	MD-4325	29.3208	46.7367
MD	Taraclia	MD-7730	29.1156	46.5703
MD	Tocuz	MD-4326	29.2961	46.5239
MD	Tricolici	MD-4311	29.2397	46.7372
MD	Ucrainca	MD-4327	29.2728	46.4311
MD	Ursoaia	MD-4328	29.4456	46.7058
MD	Ursoaia Noua	MD-4325	29.3389	46.7269
MD	Valea Verde	MD-4223	29.5883	46.6933
MD	Zaim	MD-4329	29.3464	46.6194
MD	Zaim Loc.C.F.	MD-4329	29.3292	46.6339
MD	Zviozdocica	MD-4327	29.3242	46.4797
MD	Abaclia	MD-6711	28.9419	46.3619
MD	Albina	MD-4111	28.6419	46.7044
MD	Artimonovca	MD-4123	28.5908	46.5964
MD	Bascalia	MD-6712	28.7844	46.3083
MD	Batir	MD-7712	29.0042	46.5775
MD	Bogdanovca	MD-6715	28.9342	46.5122
MD	Bogdanovca Noua	MD-4112	28.8444	46.4933
MD	Bogdanovca Veche	MD-4112	28.8256	46.4756
MD	Carabetovca	MD-6713	28.9128	46.4139
MD	Carabiber	MD-6715	28.9956	46.4722
MD	Cenac	MD-4113	28.6419	46.4753
MD	Cimislia	MD-4101	28.7842	46.52
MD	Ciucur-Mingir	MD-4114	28.7558	46.4408
MD	Codreni	MD-7718	28.8836	46.6756
MD	Costangalia	MD-4115	28.8031	46.6167
MD	Dimitrovca	MD-4131	28.7181	46.4853
MD	Ecaterinovca	MD-4116	28.7494	46.5839
MD	Fetita	MD-4111	28.6731	46.6933
MD	Gradiste	MD-4117	28.7589	46.6078
MD	Gura Galbenei	MD-4118	28.7058	46.6981
MD	Hirtop	MD-4119	28.685	46.6522
MD	Ialpug	MD-4119	28.5897	46.6517
MD	Ialpujeni	MD-4120	28.6186	46.5981
MD	Iordanovca	MD-6714	28.9092	46.3939
MD	Iserlia	MD-6715	28.9539	46.4864
MD	Iurievca	MD-4121	28.7642	46.6681
MD	Ivanovca	MD-6715	28.9492	46.5064
MD	Ivanovca Noua	MD-4122	28.6953	46.7456
MD	Javgur	MD-4123	28.6161	46.5392
MD	Lipoveni	MD-4124	28.7619	46.7342
MD	Marienfeld	MD-4120	28.6186	46.5981
MD	Maximeni	MD-4123	28.5969	46.5717
MD	Mereni	MD-4111	28.6492	46.6747
MD	Mihailovca	MD-4125	28.9319	46.5511
MD	Munteni	MD-4124	28.7747	46.7092
MD	Porumbrei	MD-4126	28.8161	46.6917
MD	Prisaca	MD-4119	28.6025	46.6561
MD	Sadaclia	MD-6716	28.8786	46.4492
MD	Sagaidac	MD-4127	28.8458	46.6617
MD	Sagaidacul Nou	MD-7718	28.8508	46.6931
MD	Satul Nou	MD-4128	28.9078	46.6178
MD	Schinosica	MD-4124	28.7875	46.7278
MD	Selemet	MD-4129	28.9264	46.5778
MD	Suric	MD-4130	28.8747	46.6303
MD	Topala	MD-4131	28.6744	46.4619
MD	Troitcoe	MD-6717	29.0281	46.5128
MD	Valea Perjei	MD-4132	28.7264	46.6231
MD	Zloti	MD-7718	28.8975	46.6939
MD	Alexeevca	MD-3822	28.5675	46.0264
MD	Avdarma	MD-3817	28.8394	46.2542
MD	Baurci	MD-6111	28.6758	46.0939
MD	Besalma	MD-3811	28.6483	46.1728
MD	Besghioz	MD-6112	28.8722	46.1217
MD	Bugeac	MD-3812	28.6633	46.3658
MD	Dezghingea	MD-3820	28.6167	46.4244
MD	Dudulesti	MD-3816	28.5139	46.3275
MD	Etulia	MD-5352	28.4428	45.5392
MD	Etulia Noua	MD-5353	28.4389	45.5164
MD	Ferapontievca	MD-3821	28.7744	46.24
MD	Gaidar	MD-6114	28.765	46.1028
MD	Joltai	MD-6115	28.8761	46.1825
MD	Svetlii	MD-3822	28.5661	46.0164
MD	Tomai	MD-6116	28.7675	46.1817
MD	Vulcanesti	MD-5301	28.4028	45.6842
MD	Balabanesti	MD-4811	29.1319	47.0683
MD	Balasesti	MD-4836	29.0425	47.2656
MD	Baltata	MD-4812	29.0478	47.0514
MD	Baltata De Sus	MD-4812	29.0356	47.0664
MD	Boscana	MD-4813	29.0072	47.1244
MD	Chetroasa	MD-4816	28.9786	47.1222
MD	Cimiseni	MD-4815	29.1294	47.0119
MD	Ciopleni	MD-4816	28.9497	47.1303
MD	Corjova	MD-4817	29.1717	47.0964
MD	Cosernita	MD-4818	29.0472	47.1192
MD	Criuleni	MD-4801	29.1614	47.2144
MD	Cruglic	MD-4819	29.0267	47.2197
MD	Dolinnoe	MD-4820	28.995	47.0222
MD	Drasliceni	MD-4821	28.78	47.1556
MD	Dubasarii Vechi	MD-4822	29.1978	47.1339
MD	Hirtopul Mare	MD-4824	28.9428	47.2264
MD	Hirtopul Mic	MD-4825	28.9283	47.2469
MD	Hrusova	MD-4816	28.9519	47.1367
MD	Isnovat	MD-4826	28.8636	47.2314
MD	Izbiste	MD-4827	28.9964	47.2206
MD	Jevreni	MD-4828	29.0639	47.2583
MD	Loganesti	MD-4835	28.7842	47.1725
MD	Magdacesti	MD-4829	28.8256	47.1339
MD	Malaiesti	MD-4811	29.1333	47.0853
MD	Malaiestii Noi	MD-4811	29.1326	47.0768
MD	Mardareuca	MD-4813	29.0022	47.1175
MD	Mascauti	MD-4830	29.0039	47.2906
MD	Miclesti	MD-4831	28.8067	47.2386
MD	Ohrincea	MD-4832	29.0611	47.2208
MD	Onitcani	MD-4833	29.0686	47.1458
MD	Pascani	MD-4834	28.8325	47.1672
MD	Porumbeni	MD-4829	28.8256	47.1339
MD	Raculesti	MD-4836	29.0675	47.2706
MD	Ratus	MD-4835	28.8067	47.165
MD	Riscova	MD-4837	28.8461	47.2525
MD	Sagaidac	MD-4812	29.0239	47.0272
MD	Sagaidacul De Sus	MD-4812	29.0253	47.0497
MD	Slobozia-Dusca	MD-4838	29.12	47.1644
MD	Stetcani	MD-4840	28.825	47.2364
MD	Valea Colonitei	MD-4820	28.9867	47.01
MD	Valea Satului	MD-4820	29.0058	47.0353
MD	Zaicana	MD-4841	28.9522	47.1686
MD	Zolonceni	MD-4801	29.1383	47.2461
MD	Marcauti	MD-4575	29.0583	47.3553
MD	Molovata	MD-4577	29.1144	47.3489
MD	Molovata Noua	MD-4576	29.0911	47.3469
MD	Oxentea	MD-4578	29.1186	47.3833
MD	Pirita	MD-4579	29.1192	47.1008
MD	Pohrebea	MD-4572	29.1661	47.1819
MD	Ustia	MD-4580	29.125	47.2567
MD	Arionesti	MD-5111	27.8431	48.3753
MD	Baraboi	MD-5112	27.6175	48.0858
MD	Boroseni	MD-5121	27.4725	47.9872
MD	Braicau	MD-5113	27.7317	48.3039
MD	Briceni	MD-5114	27.7036	48.3572
MD	Briceva	MD-5115	27.6486	48.1147
MD	Caraiman	MD-5123	27.5614	48.1067
MD	Cernoleuca	MD-5116	27.5544	48.3133
MD	Climauti	MD-5117	27.6075	48.3108
MD	Codrenii Noi	MD-5118	27.5728	48.1433
MD	Corbu	MD-5119	27.5725	48.2672
MD	Criscauti	MD-5120	27.8542	48.2664
MD	Donduseni	MD-5106	27.5853	48.2244
MD	Elenovca	MD-5115	27.6261	48.1247
MD	Elizavetovca	MD-5121	27.7086	48.2808
MD	Frasin	MD-5123	27.5444	48.1383
MD	Horodiste	MD-5124	27.7892	48.265
MD	Mosana	MD-5127	27.6892	48.3233
MD	Octeabrscoe	MD-5127	27.6683	48.3397
MD	Pivniceni	MD-5129	27.5261	48.2806
MD	Plop	MD-5130	27.7003	48.2553
MD	Pocrovca	MD-5131	27.8569	48.3314
MD	Rediul Mare	MD-5132	27.5153	48.2286
MD	Scaieni	MD-5134	27.5767	48.1764
MD	Sudarca	MD-5136	27.7869	48.3053
MD	Taul	MD-5141	27.6728	48.2158
MD	Teleseuca	MD-5139	27.8992	48.2789
MD	Teleseuca Noua	MD-5139	27.8886	48.2814
MD	Tirnova	MD-5140	27.6556	48.1678
MD	Antoneuca	MD-5211	27.6908	48.0764
MD	Baroncea	MD-5212	27.9133	48.0364
MD	Baroncea Noua	MD-5202	27.8583	48.0008
MD	Ceapaevca	MD-5231	27.8703	48.2047
MD	Chetrosu	MD-5213	27.8861	48.0778
MD	Cotova	MD-5214	27.9511	48.1631
MD	Dominteni	MD-5215	27.9544	47.9572
MD	Drochia 1	MD-5201	27.7994	48.0661
MD	Drochia 2	MD-5202	27.8583	48.0008
MD	Drochia Sat	MD-5216	27.8161	48.035
MD	Fintinita	MD-5122	27.6911	48.1075
MD	Ghizdita Loc.C.F.	MD-5122	27.6911	48.1075
MD	Gribova	MD-5223	27.93	48.0172
MD	Hasnasenii Mari	MD-5217	27.9903	47.9167
MD	Hasnasenii Noi	MD-5218	27.9072	47.8556
MD	Holosnita Noua	MD-5226	27.9358	48.1161
MD	Iliciovca	MD-5231	27.8794	48.1553
MD	Macareuca	MD-5220	27.9717	48.1422
MD	Maramonovca	MD-5125	27.7958	48.2044
MD	Miciurin	MD-5221	27.7922	47.9861
MD	Mindic	MD-5126	27.7928	48.1511
MD	Moara De Piatra	MD-5222	28.0069	47.895
MD	Nadusita	MD-5223	27.93	48.0172
MD	Nicoreni	MD-5224	27.7	47.9661
MD	Ochiul Alb	MD-5225	27.6717	48.0219
MD	Palanca	MD-5226	27.9083	48.1228
MD	Pelinia	MD-5629	27.8344	47.8781
MD	Pelinia Loc.C.F.	MD-5629	27.8344	47.8781
MD	Pervomaiscoe	MD-5227	27.7175	48.0892
MD	Petreni	MD-5228	27.9567	47.9431
MD	Popestii De Jos	MD-5229	28.0306	48.0733
MD	Popestii De Sus	MD-5230	28.0256	48.0881
MD	Popestii Noi	MD-5228	27.9897	47.9758
MD	Salvirii Noi	MD-5226	27.9192	48.1447
MD	Salvirii Vechi	MD-5231	27.8464	48.1978
MD	Sergheuca	MD-5227	27.7269	48.0647
MD	Sofia	MD-5235	27.8675	47.9442
MD	Suri	MD-5232	27.8556	48.0964
MD	Surii Noi	MD-5201	27.7994	48.0661
MD	Tarigrad	MD-5233	27.7508	48.0447
MD	Zgurita	MD-5234	28.0206	48.115
MD	Cocieri	MD-4571	29.1103	47.3075
MD	Corjova	MD-4501	29.1297	47.2878
MD	Cosnita	MD-4572	29.1333	47.1475
MD	Dorotcaia	MD-4573	29.2028	47.1722
MD	Holercani	MD-4574	29.0689	47.3119
MD	Afanasievca	MD-4513	29.2536	47.3231
MD	Alexandrovca Noua	MD-4513	29.3025	47.3
MD	Bosca	MD-4522	29.3644	47.3061
MD	Calinovca	MD-4513	29.25	47.3117
MD	Coicova	MD-4511	29.2425	47.4117
MD	Comisarovca Noua	MD-4512	29.3472	47.3306
MD	Cosnita Noua	MD-4512	29.3308	47.3133
MD	Crasnii Vinogradari	MD-4513	29.2781	47.2983
MD	Doibani 1	MD-4514	29.2064	47.39
MD	Doibani 2	MD-4515	29.2136	47.4036
MD	Dubasari 1	MD-4501	29.1397	47.2772
MD	Dubau	MD-4516	29.2792	47.4303
MD	Dzerjinscoe	MD-4517	29.1811	47.2217
MD	Goian	MD-4518	29.16	47.3772
MD	Goianul Nou	MD-4516	29.3203	47.3853
MD	Harmatca	MD-4519	29.0928	47.4233
MD	Iagorlic	MD-4518	29.1608	47.3922
MD	Lunga	MD-4520	29.1667	47.2461
MD	Lunga Noua	MD-4513	29.2747	47.2858
MD	Mahala	MD-4501	29.1497	47.2667
MD	Pohrebea Noua	MD-4522	29.3783	47.3103
MD	Roghi	MD-4523	29.1356	47.3203
MD	Tibuleuca	MD-4524	29.1044	47.4056
MD	Vasilievca	MD-4512	29.305	47.3689
MD	Alexandreni	MD-4612	27.2583	48.1472
MD	Alexeevca	MD-4611	27.2608	48.0936
MD	Badragii Vechi	MD-4613	27.1064	48.0378
MD	Blesteni	MD-4615	27.2194	48.1225
MD	Bratuseni	MD-4617	27.3958	48.0772
MD	Bratusenii Noi	MD-4618	27.4839	48.0611
MD	Brinzeni	MD-4619	27.1756	48.0842
MD	Burlanesti	MD-4620	27.1303	48.1261
MD	Buzdugeni	MD-4620	27.1558	48.1078
MD	Cepeleuti	MD-7115	27.3072	48.3025
MD	Chetrosica Noua	MD-4621	27.4717	48.1192
MD	Chetrosica Veche	MD-4626	27.3853	48.1108
MD	Chiurt	MD-4622	27.3411	48.0594
MD	Cliscauti	MD-4633	27.3286	48.2844
MD	Constantinovca	MD-4623	27.11	48.2492
MD	Corpaci	MD-4624	27.1383	48.0069
MD	Cuconestii Noi	MD-4625	27.2075	47.9889
MD	Cuconestii Vechi	MD-4625	27.1567	47.9656
MD	Cupcini	MD-4626	27.3853	48.1108
MD	Edinet	MD-4601	27.305	48.1681
MD	Fetesti	MD-4627	27.0967	48.1667
MD	Fintina Alba	MD-4628	27.4283	48.1631
MD	Gaspar	MD-4629	27.4975	48.1569
MD	Goleni	MD-4630	27.4328	48.2106
MD	Gordinesti	MD-4631	27.165	48.1644
MD	Gordinestii Noi	MD-4631	27.2286	48.1706
MD	Hancauti	MD-4632	27.1889	48.0486
MD	Heredeuca **	MD-4620	27.1431	48.1169
MD	Hincauti	MD-4633	27.3106	48.2739
MD	Hlinaia	MD-4634	27.2533	48.2233
MD	Hlinaia Mica	MD-4638	27.2694	48.2536
MD	Iachimeni	MD-4623	27.11	48.2492
MD	Lopatnic	MD-4635	27.0522	48.1364
MD	Onesti	MD-4646	27.2722	48.0642
MD	Parcova	MD-4636	27.4039	48.1531
MD	Poiana	MD-4637	27.3519	48.2522
MD	Ringaci	MD-7115	27.3361	48.3122
MD	Rotunda	MD-4638	27.3064	48.2442
MD	Ruseni	MD-4639	27.4158	48.2017
MD	Slobodca	MD-4639	27.3686	48.2075
MD	Sofrincani	MD-4641	27.4139	48.0489
MD	Stolniceni	MD-4640	27.3481	48.0381
MD	Terebna	MD-4642	27.2514	48.05
MD	Tirnova	MD-4643	27.1797	48.2067
MD	Trinca	MD-4644	27.1122	48.2083
MD	Vancicauti	MD-7115	27.3217	48.3074
MD	Viisoara	MD-4645	27.0447	48.0947
MD	Volodeni	MD-4615	27.2014	48.1142
MD	Zabriceni	MD-4646	27.2533	48.0728
MD	Albinetul Nou	MD-5911	27.6211	47.5806
MD	Albinetul Vechi	MD-5911	27.6375	47.5564
MD	Beleuti	MD-5936	27.9061	47.6644
MD	Bocani	MD-5912	27.8914	47.5183
MD	Bocsa	MD-5946	27.6497	47.4711
MD	Burghelea	MD-5920	27.8653	47.5386
MD	Calinesti	MD-5913	27.4864	47.5642
MD	Calugar	MD-5914	27.6864	47.5403
MD	Catranic	MD-5915	27.8	47.6
MD	Catranic Loc.C.F.	MD-5916	27.7911	47.6342
MD	Chetris	MD-5917	27.4472	47.5958
MD	Chetrisul Nou	MD-5917	27.5111	47.6244
MD	Ciolacu Nou	MD-5918	27.8267	47.4867
MD	Ciolacu Vechi	MD-5919	27.8644	47.4728
MD	Ciuluc	MD-5916	27.7911	47.6342
MD	Comarovca	MD-5936	27.9044	47.6928
MD	Cuzmenii Vechi	MD-5944	27.5678	47.5264
MD	Doltu	MD-5920	27.8231	47.5372
MD	Drujineni	MD-5944	27.5358	47.5258
MD	Egorovca	MD-5921	27.7556	47.6181
MD	Fagadau	MD-5922	27.8039	47.4411
MD	Falestii Noi	MD-5923	27.7469	47.5719
MD	Frumusica	MD-5914	27.6878	47.5142
MD	Glinjeni	MD-5924	27.89	47.5986
MD	Hiliuti	MD-5925	27.7647	47.6667
MD	Hincesti	MD-5913	27.505	47.5481
MD	Hirtop	MD-5949	27.7078	47.4806
MD	Hitresti	MD-5926	27.7761	47.5492
MD	Horesti	MD-5927	27.5806	47.4322
MD	Hrubna Noua	MD-5928	27.615	47.4061
MD	Ilenuta	MD-5929	27.7131	47.6344
MD	Iscalau	MD-5930	27.8178	47.5731
MD	Ivanovca	MD-5936	27.8814	47.6586
MD	Izvoare	MD-5931	27.6672	47.4333
MD	Logofteni	MD-5932	27.5681	47.6256
MD	Lucaceni	MD-5927	27.5964	47.4572
MD	Magura	MD-5939	27.9344	47.4872
MD	Magura Noua	MD-5939	27.9531	47.5072
MD	Magureanca	MD-5949	27.7175	47.4825
MD	Marandeni	MD-5933	27.8322	47.6625
MD	Moldoveanca	MD-5934	27.6114	47.6189
MD	Musteata	MD-5935	27.6447	47.5108
MD	Natalievca	MD-5936	27.8883	47.7006
MD	Navirnet	MD-5937	27.5619	47.5892
MD	Nicolaevca	MD-5949	27.7039	47.4994
MD	Obreja Noua	MD-5938	27.6931	47.6742
MD	Obreja Veche	MD-5938	27.6592	47.6747
MD	Pervomaisc	MD-5942	27.9783	47.6297
MD	Pietrosu	MD-5939	27.9208	47.5014
MD	Pietrosul Nou	MD-5923	27.7686	47.5814
MD	Pinzareni	MD-5940	27.6767	47.6186
MD	Pinzarenii Noi	MD-5940	27.6483	47.5994
MD	Pirlita	MD-5941	27.8033	47.7403
MD	Pocrovca	MD-5919	27.875	47.4653
MD	Pompa	MD-5942	27.9425	47.6547
MD	Popovca	MD-5943	27.8656	47.7058
MD	Pruteni	MD-5944	27.5489	47.5028
MD	Rautel	MD-5945	27.8258	47.7142
MD	Rautelul Nou	MD-5925	27.7464	47.7014
MD	Rediul De Jos	MD-5911	27.6042	47.5089
MD	Rediul De Sus	MD-5911	27.6081	47.5247
MD	Risipeni	MD-5946	27.6661	47.46
MD	Sarata Noua	MD-5948	27.7914	47.4992
MD	Sarata Veche	MD-5947	27.7389	47.51
MD	Scumpia	MD-5949	27.7408	47.4675
MD	Socii Noi	MD-5914	27.6439	47.5394
MD	Socii Vechi	MD-5914	27.6747	47.5283
MD	Soltoaia	MD-5922	27.8147	47.4633
MD	Suvorovca	MD-5942	27.89	47.6394
MD	Tapoc	MD-5936	27.8975	47.7067
MD	Taxobeni	MD-5950	27.5917	47.3903
MD	Unteni	MD-5927	27.5825	47.4156
MD	Valea Rusului	MD-5951	27.5819	47.47
MD	Vranesti	MD-5928	27.6006	47.4092
MD	Alexandrovca	MD-5039	28.1289	47.9553
MD	Alexeevca	MD-5011	28.2858	47.9439
MD	Antonovca	MD-5032	28.2142	47.7869
MD	Bahrinesti	MD-5012	28.2422	47.8564
MD	Bezeni	MD-5027	28.1206	47.9822
MD	Bobulesti	MD-5023	28.3525	47.8794
MD	Bursuc	MD-6645	28.7356	47.9733
MD	Capresti	MD-5033	28.4633	47.7542
MD	Casunca	MD-5013	28.3942	47.785
MD	Cenusa	MD-5036	28.3864	47.8475
MD	Cernita	MD-5014	28.4669	47.9658
MD	Chirilovca	MD-5019	28.3292	47.9606
MD	Ciripcau	MD-5015	28.3822	47.9839
MD	Ciutulesti	MD-5016	28.3956	47.7614
MD	Cosernita	MD-5017	28.4644	47.9381
MD	Cuhurestii De Jos	MD-6643	28.5919	47.9294
MD	Cuhurestii De Sus	MD-6642	28.5536	47.9211
MD	Cunicea	MD-6644	28.6444	47.9092
MD	Domulgeni	MD-5018	28.4339	47.7936
MD	Dumitreni	MD-5019	28.3189	47.9714
MD	Fagadau	MD-6652	28.5253	47.9369
MD	Frumusica	MD-5020	28.1181	47.9617
MD	Frumusica Noua	MD-5020	28.0619	47.8772
MD	Frunzesti	MD-5032	28.1864	47.7847
MD	Ghindesti Oras	MD-5021	28.4053	47.8436
MD	Gura Cainarului	MD-5024	28.1839	47.8669
MD	Gura Camencii	MD-5023	28.3569	47.8906
MD	Gvozdova	MD-5023	28.3536	47.9039
MD	Hirtop	MD-5025	28.46	47.8828
MD	Iliciovca	MD-5026	27.8794	48.1553
MD	Ion Voda	MD-5031	28.3283	47.7258
MD	Ivanovca	MD-5037	28.1586	47.9103
MD	Izvoare	MD-5027	28.1328	47.9772
MD	Japca	MD-6645	28.7036	47.9819
MD	Lunga	MD-5007	28.2197	47.8583
MD	Maiscoe	MD-5029	28.0492	47.9111
MD	Marinesti	MD-5016	28.3839	47.7314
MD	Mihailovca	MD-5032	28.2625	47.8017
MD	Napadova	MD-6646	28.5983	48.0194
MD	Nicolaevca	MD-5031	28.5272	47.9192
MD	Nicolaevca	MD-6642	28.5272	47.9192
MD	Octeabrscoe	MD-6652	27.9514	47.7128
MD	Prajila	MD-5032	28.2039	47.8414
MD	Prodanesti	MD-5033	28.4822	47.7431
MD	Prodanestii Vechi	MD-5038	28.4428	47.7161
MD	Putinesti	MD-5034	28.1242	47.835
MD	Radulenii Noi	MD-5011	28.2464	47.9567
MD	Radulenii Vechi	MD-5035	28.2636	47.9856
MD	Rosietici	MD-5036	28.4031	47.8311
MD	Rosieticii Vechi	MD-5036	28.4	47.8131
MD	Sanatauca	MD-6648	28.6822	48.0122
MD	Scaieni	MD-5027	28.1261	47.9694
MD	Sevirova	MD-5037	28.1508	47.9272
MD	Sirbesti	MD-5031	28.3247	47.8022
MD	Stefanesti	MD-5038	28.4389	47.7336
MD	Stirceni	MD-5023	28.3642	47.8756
MD	Temeleuti	MD-6649	28.4972	47.98
MD	Tipordei	MD-6651	28.6142	47.9353
MD	Tira	MD-5021	28.4053	47.8436
MD	Tira Loc.C.F.	MD-5021	28.4053	47.8436
MD	Tirgul-Vertiujeni	MD-6650	28.5347	48.0308
MD	Trifanesti	MD-5039	28.0983	47.7444
MD	Unchitesti	MD-6642	28.5258	47.9292
MD	Unchitesti Loc.C.F.	MD-6642	28.5356	47.9231
MD	Valea Radoaiei	MD-5031	28.2639	47.7556
MD	Varvareuca	MD-5040	28.3103	47.8789
MD	Vascauti	MD-6652	28.5117	47.9539
MD	Vertiujeni	MD-6653	28.54	47.9933
MD	Zaluceni	MD-6654	28.5564	48.0494
MD	Zarojeni	MD-5024	28.1611	47.8669
MD	Balatina	MD-4911	27.3472	47.6933
MD	Bisericani	MD-4912	27.3289	47.6414
MD	Brinzeni	MD-4915	27.3639	47.8142
MD	Butesti	MD-4913	27.3333	47.7953
MD	Cajba	MD-4914	27.4397	47.7281
MD	Camenca	MD-4915	27.3642	47.8278
MD	Camencuta	MD-4920	27.4458	47.8386
MD	Ciuciulea	MD-4916	27.4839	47.6578
MD	Clococenii Vechi	MD-4911	27.4158	47.7164
MD	Cobani	MD-4918	27.3208	47.7661
MD	Cot	MD-4912	27.34	47.6536
MD	Cuhnesti	MD-4919	27.3744	47.6558
MD	Danu	MD-4920	27.4961	47.8306
MD	Dusmani	MD-4921	27.4814	47.7169
MD	Fundurii Noi	MD-4922	27.6569	47.7536
MD	Fundurii Vechi	MD-4923	27.7144	47.7411
MD	Glodeni	MD-4901	27.5144	47.7708
MD	Hijdieni	MD-4924	27.4603	47.7697
MD	Iabloana	MD-4925	27.6239	47.8061
MD	Limbenii Noi	MD-4926	27.6289	47.7239
MD	Limbenii Vechi	MD-4927	27.6103	47.6892
MD	Lipovat	MD-4911	27.3719	47.7275
MD	Moara Domneasca	MD-4933	27.4167	47.6228
MD	Molesti	MD-4913	27.3486	47.8008
MD	Nicolaevca	MD-4928	27.5536	47.8231
MD	Petrunea	MD-4929	27.5797	47.7475
MD	Serghieni	MD-4912	27.3522	47.6467
MD	Soroca	MD-4901	27.5625	47.805
MD	Stircea	MD-4901	27.5275	47.7922
MD	Sturzovca	MD-4931	27.7189	47.8017
MD	Tomestii Noi	MD-4934	27.35	47.6667
MD	Tomestii Vechi	MD-4912	27.3422	47.6567
MD	Ustia	MD-4932	27.595	47.6619
MD	Viisoara	MD-4933	27.4478	47.6158
MD	Bicioc	MD-4011	29.4803	46.925
MD	Bruslachi	MD-4019	29.38	47.2811
MD	Butor	MD-4012	29.4044	47.0414
MD	Carmanova	MD-4013	29.5036	47.2589
MD	Cernita	MD-4014	29.5178	47.0306
MD	Colosova	MD-4015	29.5664	47.3258
MD	Cotovca	MD-4013	29.4783	47.2853
MD	Crasnaia Bessarabia	MD-4015	29.5869	47.285
MD	Crasnaia Gorca	MD-4016	29.315	47.1322
MD	Crasnoe	MD-4001	29.3583	47.1808
MD	Crasnogorca	MD-4017	29.4653	46.9614
MD	Delacau	MD-4018	29.2989	47.1289
MD	Fedoseevca	MD-4022	29.5378	47.2333
MD	Grigoriopol	MD-4001	29.2964	47.1536
MD	Hirtop	MD-4019	29.3614	47.2397
MD	Hlinaia	MD-4020	29.415	47.2281
MD	India	MD-4012	29.3872	47.0461
MD	Maiac	MD-4006	29.3858	47.2375
MD	Malaiesti	MD-4021	29.5522	46.9825
MD	Marian	MD-4019	29.3319	47.2342
MD	Mocearovca	MD-4022	29.5497	47.2403
MD	Mocreachi	MD-4019	29.3836	47.2756
MD	Novovladimirovca	MD-4023	29.52	46.9392
MD	Pobeda	MD-4015	29.5	47.35
MD	Sipca	MD-4025	29.5075	47.1689
MD	Speia	MD-4024	29.2972	47.0067
MD	Taslic	MD-4026	29.3953	47.0722
MD	Teiu	MD-4027	29.3956	46.9581
MD	Tocmagiu	MD-4027	29.375	46.9447
MD	Vesioloe	MD-4028	29.5536	47.2019
MD	Vinogradnoe	MD-4029	29.4919	47.0833
MD	Anini	MD-3411	28.4664	46.8892
MD	Balceana	MD-3412	28.4047	46.8444
MD	Bobeica	MD-3413	28.4622	46.985
MD	Boghiceni	MD-3414	28.3253	46.9489
MD	Bozieni	MD-3415	28.6472	46.7494
MD	Bratianovca	MD-3446	28.4647	46.7406
MD	Bujor	MD-3416	28.2683	46.9225
MD	Buteni	MD-3417	28.675	46.8242
MD	Calmatui	MD-3418	28.2153	46.7833
MD	Caracui	MD-3419	28.5419	46.6986
MD	Carpineanca	MD-3446	28.4725	46.6961
MD	Carpineni	MD-3420	28.3531	46.7597
MD	Cateleni	MD-6420	28.1894	46.9178
MD	Chetroseni	MD-3437	28.2728	46.9631
MD	Cioara	MD-3421	28.2247	46.7325
MD	Ciuciuleni	MD-6422	28.4133	47.0217
MD	Cococeni*	MD-3452	28.3031	46.6735
MD	Cornesti	MD-3448	28.3294	46.9981
MD	Coroliovca	MD-3446	28.4725	46.7108
MD	Costesti	MD-3430	28.2067	46.8733
MD	Cotul Morii	MD-3422	28.1189	46.8697
MD	Crasnoarmeiscoe	MD-3423	28.2822	46.8294
MD	Dahnovici	MD-3413	28.4822	46.9764
MD	Dancu	MD-3424	28.21	46.7628
MD	Draguseni	MD-3425	28.4503	46.9839
MD	Dragusenii Noi	MD-6426	28.4242	47.0444
MD	Dubovca	MD-3426	28.6083	46.7486
MD	Feteasca	MD-3432	28.1922	46.7878
MD	Firladeni	MD-3427	28.6875	46.7875
MD	Frasin	MD-3430	28.195	46.89
MD	Fundul Galbenei	MD-3428	28.6231	46.8825
MD	Hincesti	MD-3401	28.5936	46.8258
MD	Horjesti	MD-3429	28.3494	46.7128
MD	Horodca	MD-6426	28.4617	47.0561
MD	Ivanovca	MD-3430	28.1964	46.8769
MD	Lapusna	MD-3431	28.4119	46.8842
MD	Leuseni	MD-3432	28.1994	46.8092
MD	Loganesti	MD-3434	28.5453	46.9039
MD	Marchet	MD-3445	28.2342	46.7081
MD	Mereseni	MD-3435	28.5417	46.7967
MD	Mingir	MD-3436	28.3272	46.6667
MD	Miresti	MD-3437	28.255	46.9697
MD	Negrea	MD-3438	28.3981	46.8114
MD	Nemteni	MD-3439	28.1181	46.9086
MD	Obileni	MD-3440	28.1606	46.8786
MD	Onesti	MD-3441	28.2525	46.8603
MD	Pascani	MD-3442	28.3678	46.9769
MD	Pereni	MD-3443	28.3736	47.0028
MD	Pervomaiscoe	MD-3444	28.3231	46.8839
MD	Poganesti	MD-3445	28.2331	46.6928
MD	Rusca	MD-3411	28.4764	46.8761
MD	Sarata Galbena	MD-3446	28.515	46.7275
MD	Sarata-Mereseni	MD-3447	28.5036	46.8
MD	Sarateni	MD-3440	28.1686	46.8567
MD	Secareni	MD-3448	28.3325	47.0253
MD	Secarenii Noi	MD-3448	28.331	47.0117
MD	Semionovca	MD-3452	28.3044	46.6975
MD	Sipoteni	MD-3451	28.4564	46.9425
MD	Sofia	MD-3449	28.3803	46.8411
MD	Stolniceni	MD-3450	28.5	46.9603
MD	Strimbeni	MD-3441	28.265	46.8672
MD	Talaiesti	MD-3423	28.2664	46.8003
MD	Topor *	MD-3420	28.3531	46.7597
MD	Valea Florii	MD-3446	28.4386	46.7128
MD	Voinescu	MD-3452	28.3017	46.6494
MD	Alexandrovca	MD-7721	29.0231	46.7219
MD	Baltati	MD-6828	28.9558	46.8422
MD	Bardar	MD-6811	28.6683	46.9019
MD	Budai	MD-6828	28.9739	46.8125
MD	Carbuna	MD-7713	28.9517	46.7122
MD	Cigirleni	MD-7715	28.8228	46.7553
MD	Costesti	MD-6813	28.7686	46.8678
MD	Danceni	MD-6814	28.7078	46.9706
MD	Gangura	MD-7721	29.0131	46.73
MD	Gaureni	MD-6831	28.8433	46.8303
MD	Hansca	MD-6815	28.755	46.8314
MD	Homuteanovca	MD-7721	29.0556	46.7244
MD	Horesti	MD-6816	28.8719	46.8267
MD	Horodca	MD-6817	28.4894	47.0456
MD	Ialoveni	MD-6801	28.7778	46.9431
MD	Malcoci	MD-6818	28.63	47.0261
MD	Milestii Mici	MD-6819	28.8047	46.8994
MD	Milestii Noi	MD-7727	28.9617	46.7461
MD	Misovca	MD-7721	29.0017	46.7661
MD	Molesti	MD-6820	28.7781	46.7858
MD	Nimoreni	MD-6821	28.6664	47.0089
MD	Piatra Alba	MD-6822	28.8169	46.9333
MD	Pojareni	MD-6823	28.6961	46.8858
MD	Puhoi	MD-6824	29.0328	46.8225
MD	Razeni 1	MD-7727	28.9617	46.7461
MD	Rusestii Noi	MD-6825	28.6519	46.9297
MD	Rusestii Vechi	MD-6825	28.6261	46.9192
MD	Sociteni	MD-6826	28.725	46.9408
MD	Suruceni	MD-6827	28.6686	46.9825
MD	Tipala	MD-6828	28.9753	46.8278
MD	Ulmu	MD-6829	28.5458	47.02
MD	Varatic	MD-7731	29.0633	46.8094
MD	Vasieni	MD-6830	28.5914	46.9678
MD	Zimbreni	MD-6831	28.8475	46.8369
MD	Lazo	MD-5219	27.925	47.8892
MD	Baius	MD-6311	28.4825	46.4589
MD	Bertovca**	MD-6324	28.39	46.4908
MD	Bestemac	MD-6312	28.5275	46.5275
MD	Borogani	MD-6335	28.5183	46.3692
MD	Bulgarica**	MD-6324	28.39	46.4908
MD	Cazangic	MD-6313	28.4367	46.5094
MD	Ceadir	MD-6314	28.4072	46.6717
MD	Cimpul Drept	MD-6327	28.515	46.5644
MD	Cizlar	MD-6315	28.525	46.6508
MD	Cneazevca	MD-6315	28.4878	46.6292
MD	Cociulia Noua	MD-6311	28.4733	46.4419
MD	Colibabovca	MD-6316	28.4311	46.6467
MD	Covurlui	MD-6317	28.4028	46.5908
MD	Cupcui	MD-6318	28.3578	46.5158
MD	Cuporani	MD-6329	28.3597	46.3736
MD	Filipeni	MD-6319	28.3319	46.44
MD	Frumusica	MD-6313	28.4286	46.5569
MD	Hanasenii Noi	MD-6320	28.2558	46.4192
MD	Hirtop	MD-6311	28.685	46.6522
MD	Iargara	MD-6321	28.4367	46.4275
MD	Leova	MD-6301	28.2553	46.4786
MD	Meseni	MD-6321	28.4667	46.4172
MD	Nicolaevca	MD-6320	28.2544	46.3906
MD	Orac	MD-6322	28.4631	46.6683
MD	Pitesti	MD-6312	28.5458	46.5031
MD	Romanovca	MD-6319	28.3531	46.4594
MD	Sarata Noua	MD-6324	28.39	46.4908
MD	Sarata Razesi	MD-6325	28.2667	46.6142
MD	Sarateni	MD-6326	28.4675	46.6108
MD	Saratica Noua	MD-6327	28.5483	46.5725
MD	Saratica Veche	MD-6332	28.5333	46.6008
MD	Seliste	MD-6313	28.4314	46.5264
MD	Sirma	MD-6328	28.2525	46.5269
MD	Tigheci	MD-6329	28.3764	46.3861
MD	Tochile-Raducani	MD-6330	28.2447	46.5775
MD	Tomai	MD-6331	28.5528	46.6228
MD	Tomaiul Nou	MD-6332	28.5528	46.6228
MD	Troian	MD-6333	28.4633	46.5425
MD	Troita	MD-6333	28.4661	46.565
MD	Victoria	MD-6326	28.4156	46.6161
MD	Vozneseni	MD-6334	28.4703	46.5844
MD	Elizaveta	MD-3151	28.0225	47.7842
MD	Sadovoe	MD-4930	27.7961	47.7764
MD	Bacioi	MD-6812	28.8839	46.9122
MD	Bic	MD-2081	28.9422	46.9567
MD	Braila	MD-6812	28.8425	46.9156
MD	Bubuieci	MD-2081	28.9422	46.985
MD	Budesti	MD-4814	29.0067	47.0653
MD	Buneti	MD-2092	28.91	47.0806
MD	Ceroborta	MD-2085	28.9517	47.0936
MD	Cheltuitori	MD-2092	28.9211	47.0661
MD	Chisinau	MD-2000	28.8575	47.0056
MD	Ciorescu	MD-2089	28.8856	47.1294
MD	Codru	MD-2011	28.8194	46.9753
MD	Colonita	MD-2082	28.9583	47.0378
MD	Condrita	MD-2083	28.5686	47.0567
MD	Cricova	MD-2084	28.8619	47.1389
MD	Cruzesti	MD-2085	28.9736	47.0847
MD	Dobrogea	MD-2086	28.9892	46.8844
MD	Durlesti	MD-2003	28.7625	47.0178
MD	Fauresti	MD-2089	28.8961	47.145
MD	Frumusica	MD-6812	28.8917	46.9008
MD	Ghidighici	MD-2088	28.7686	47.0931
MD	Goian	MD-2089	28.9072	47.1336
MD	Goianul Nou	MD-4823	28.9008	47.1175
MD	Gratiesti	MD-2093	28.8167	47.0992
MD	Hulboaca	MD-2093	28.7972	47.1161
MD	Humulesti	MD-2081	28.9764	46.9975
MD	Revaca	MD-2091	28.9447	46.9086
MD	Singera	MD-2091	28.9775	46.9131
MD	Stauceni	MD-4839	28.8703	47.0875
MD	Straisteni	MD-6812	28.86	46.9061
MD	Tohatin	MD-2092	28.9453	47.0625
MD	Truseni	MD-3733	28.6797	47.0689
MD	Vadul Lui Voda	MD-2046	29.0756	47.0917
MD	Vaduleni	MD-4814	29.0836	47.0703
MD	Vatra	MD-2055	28.735	47.0739
MD	Bacseni	MD-6411	28.0167	47.0842
MD	Balanesti	MD-6412	28.0658	47.2061
MD	Balauresti	MD-6413	28.1403	46.9392
MD	Barboieni	MD-6414	28.0575	47.0197
MD	Bolduresti	MD-6415	28.0597	47.1353
MD	Boltun	MD-6416	28.29	47.0278
MD	Bratuleni	MD-6417	27.9756	47.1392
MD	Bursuc	MD-6442	28.3025	47.0944
MD	Calimanesti	MD-6419	28.195	46.9444
MD	Chilisoaia	MD-6415	28.0247	47.1136
MD	Cioresti	MD-6421	28.2225	47.165
MD	Cirnesti	MD-6417	28.0039	47.1742
MD	Ciutesti	MD-6423	28.1239	47.1758
MD	Cornesti	MD-6416	28.3294	46.9981
MD	Cristesti	MD-6424	28.2819	47.0564
MD	Drojdieni	MD-6437	28.2272	46.9372
MD	Gaureni	MD-6418	28.0894	47.2019
MD	Grozesti	MD-6427	28.0794	46.9986
MD	Helesteni	MD-6430	28.1858	46.9625
MD	Isaicani	MD-6428	28.0206	47.0664
MD	Iurceni	MD-6429	28.2592	47.0811
MD	Luminita	MD-6438	28.0744	47.0842
MD	Marinici	MD-6430	28.1603	46.9661
MD	Milesti	MD-6432	28.0386	47.2233
MD	Mirzoaia	MD-6416	28.2653	47.0322
MD	Nisporeni	MD-6401	28.1783	47.0814
MD	Odaia	MD-6437	28.2192	46.9558
MD	Odobesti	MD-6438	28.0683	47.0519
MD	Paruceni	MD-6433	28.1006	47.1494
MD	Seliste	MD-6434	28.1367	47.1689
MD	Selisteni	MD-6438	28.0694	47.0617
MD	Sendreni	MD-6436	28.1858	47.1258
MD	Siscani	MD-6437	28.2111	46.9744
MD	Soltanesti	MD-6435	28.11	47.0594
MD	Valea Nirnovei	MD-6433	28.1006	47.1494
MD	Valea-Trestieni	MD-6438	28.0708	47.0717
MD	Varzaresti	MD-6439	28.1961	47.1086
MD	Vinatori	MD-6440	28.1028	47.1858
MD	Vulcanesti	MD-6421	28.1917	47.1525
MD	Zberoaia	MD-6441	28.1069	46.9686
MD	Berezovca	MD-7111	27.7769	48.3814
MD	Birladeni	MD-7112	27.4167	48.2644
MD	Birnova	MD-7113	27.5267	48.4239
MD	Calarasovca	MD-7114	27.8156	48.4189
MD	Clocusna	MD-7116	27.3417	48.4314
MD	Codreni	MD-7117	27.7167	48.4333
MD	Corestauti	MD-7118	27.2578	48.3528
MD	Dingeni	MD-7119	27.4814	48.3481
MD	Frunza	MD-7108	27.5986	48.4075
MD	Girbova	MD-7121	27.6219	48.3775
MD	Grinauti	MD-7122	27.4689	48.3131
MD	Grinauti-Moldova	MD-7123	27.4489	48.2831
MD	Grinauti-Raia	MD-7123	27.4239	48.2853
MD	Hadarauti	MD-7124	27.3358	48.3717
MD	Lencauti	MD-7125	27.6506	48.4353
MD	Lipnic	MD-7126	27.5125	48.3936
MD	Maiovca	MD-7130	27.3936	48.3719
MD	Mereseuca	MD-7127	27.6842	48.4342
MD	Mihalaseni	MD-7128	27.4233	48.3258
MD	Naslavcea	MD-7129	27.5844	48.4672
MD	Ocnita Sat	MD-7130	27.3936	48.3719
MD	Otaci	MD-7106	27.7939	48.43
MD	Paladea	MD-7112	27.4183	48.2464
MD	Rediul Mare	MD-7131	27.5153	48.2286
MD	Rujnita	MD-7132	27.4325	48.2564
MD	Sauca	MD-7133	27.7256	48.3775
MD	Stalinesti	MD-7118	27.2639	48.3386
MD	Unguri	MD-7134	27.8675	48.4011
MD	Valcinet	MD-7135	27.7339	48.4456
MD	Verejeni	MD-7136	27.6169	48.44
MD	Andreevca	MD-3556	28.8775	47.5389
MD	Berezlogi	MD-3511	28.9339	47.4364
MD	Biesti	MD-3512	28.8614	47.5156
MD	Bolohan	MD-3513	28.8731	47.4319
MD	Branesti	MD-3515	28.9267	47.3053
MD	Braviceni	MD-3514	28.6578	47.4336
MD	Breanova	MD-3516	28.6497	47.4158
MD	Budai	MD-3547	28.8211	47.4344
MD	Bulaiesti	MD-3517	28.9786	47.4769
MD	Butuceni	MD-3552	28.9725	47.3014
MD	Camencea	MD-3526	28.6875	47.2808
MD	Chiperceni	MD-3518	28.8386	47.525
MD	Cihoreni	MD-3512	28.8622	47.5061
MD	Ciocilteni	MD-3519	28.6089	47.4939
MD	Cismea	MD-3520	28.7533	47.4164
MD	Clisova	MD-3521	28.5736	47.4731
MD	Clisova Noua	MD-3519	28.6246	47.491
MD	Crihana	MD-3523	28.7211	47.5228
MD	Cucuruzeni	MD-3522	28.7258	47.4883
MD	Cucuruzenii De Sus	MD-3523	28.6989	47.5456
MD	Curchi	MD-3524	28.6539	47.3358
MD	Discova	MD-3525	28.5975	47.3756
MD	Donici	MD-3526	28.67	47.2844
MD	Fedoreuca	MD-3519	28.6403	47.4881
MD	Furceni	MD-3527	28.9256	47.3364
MD	Ghetlova	MD-3528	28.5322	47.3719
MD	Hijdieni	MD-3529	28.9147	47.4594
MD	Hulboaca	MD-3530	28.555	47.3786
MD	Inculet	MD-3557	28.7219	47.4489
MD	Isacova	MD-3531	28.7181	47.3703
MD	Ivancea	MD-3532	28.8569	47.2847
MD	Izvoare	MD-3533	28.9572	47.5517
MD	Jeloboc	MD-3542	28.9047	47.3569
MD	Jora De Jos	MD-3534	29.1083	47.465
MD	Jora De Mijloc	MD-3534	29.0961	47.4756
MD	Jora De Sus	MD-3535	29.0761	47.4867
MD	Lopatna	MD-3535	29.0522	47.495
MD	Lucaseuca	MD-3545	28.7558	47.335
MD	Malaiesti	MD-3536	28.6636	47.4631
MD	Mana	MD-3524	28.6844	47.3389
MD	Mirzaci	MD-3537	28.9947	47.4894
MD	Mirzesti	MD-3537	28.995	47.4986
MD	Mitoc	MD-3503	28.785	47.3867
MD	Morovaia	MD-3552	28.9953	47.2992
MD	Morozeni	MD-3538	28.6342	47.3781
MD	Neculaieuca	MD-3539	28.6922	47.3603
MD	Noroceni	MD-3528	28.5181	47.3769
MD	Ocnita-Razesi	MD-3522	28.7203	47.4694
MD	Ocnita-Tarani	MD-3557	28.7228	47.4572
MD	Orhei 3	MD-3503	28.785	47.3867
MD	Pelivan	MD-3540	28.7742	47.4033
MD	Peresecina	MD-3541	28.7689	47.2522
MD	Piatra	MD-3542	28.8942	47.3667
MD	Pocsesti	MD-3550	28.6833	47.2492
MD	Podgoreni	MD-3543	28.7825	47.5594
MD	Pohorniceni	MD-3542	28.8844	47.3736
MD	Pohrebeni	MD-3544	28.9092	47.5564
MD	Putintei	MD-3554	28.5761	47.3739
MD	Samananca	MD-3550	28.7308	47.265
MD	Seliste	MD-3545	28.7844	47.3333
MD	Sercani	MD-3544	28.9322	47.5119
MD	Sirota	MD-3546	28.7769	47.5278
MD	Slobozia-Hodorogea	MD-3512	28.8886	47.5083
MD	Step-Soci	MD-3547	28.7897	47.4553
MD	Susleni	MD-3548	28.9864	47.4111
MD	Tabara	MD-3549	28.5647	47.33
MD	Teleseu	MD-3550	28.7081	47.2661
MD	Tirzieni	MD-3536	28.6236	47.445
MD	Trebujeni	MD-3552	28.9736	47.3139
MD	Vatici	MD-3553	28.6219	47.3408
MD	Viprova	MD-3554	28.5706	47.3833
MD	Viscauti	MD-3555	29.0756	47.4325
MD	Vorotet	MD-3556	28.8547	47.5592
MD	Zahoreni	MD-5439	28.7275	47.5758
MD	Zorile	MD-3557	28.7381	47.4567
MD	Bosernita	MD-5401	28.9806	47.7844
MD	Buciusca	MD-5432	28.9869	47.6389
MD	Busauca	MD-5411	28.7886	47.5936
MD	Ciniseuti	MD-5412	28.855	47.6956
MD	Ciorna	MD-5401	28.9747	47.7708
MD	Cogilniceni	MD-5414	28.8225	47.6347
MD	Cuizauca	MD-5415	28.8128	47.6144
MD	Echimauti	MD-5416	28.9003	47.6942
MD	Ghiduleni	MD-5417	28.7447	47.6108
MD	Gordinesti	MD-5418	28.8011	47.6967
MD	Horodiste	MD-5419	28.9431	47.6147
MD	Ignatei	MD-5420	28.6617	47.6825
MD	Lalova	MD-5421	29.0192	47.5639
MD	Lipceni	MD-5422	28.8703	47.8064
MD	Mateuti	MD-5423	28.9328	47.8092
MD	Meseni	MD-5424	28.6381	47.6647
MD	Mincenii De Jos	MD-5425	28.8758	47.6358
MD	Mincenii De Sus	MD-5425	28.8939	47.6494
MD	Nistreni	MD-5421	29.01	47.5411
MD	Otac	MD-5426	28.8297	47.5894
MD	Papauti	MD-5427	28.9233	47.7978
MD	Peciste	MD-5428	28.7108	47.7156
MD	Pereni	MD-5429	28.7767	47.6556
MD	Piscaresti	MD-5433	28.8103	47.7592
MD	Pripiceni-Curchi	MD-5430	28.7836	47.6828
MD	Pripiceni-Razesi	MD-5430	28.7631	47.6858
MD	Rezina 1	MD-5401	28.9776	47.7776
MD	Roscani	MD-5429	28.7408	47.6539
MD	Roscanii De Jos	MD-5417	28.7375	47.6467
MD	Roscanii De Sus	MD-5417	28.7689	47.6289
MD	Saharna	MD-5431	28.9703	47.6936
MD	Saharna Noua	MD-5432	28.9561	47.6758
MD	Sircova	MD-5433	28.7836	47.7414
MD	Slobozia-Horodiste	MD-5419	28.9356	47.5983
MD	Solonceni	MD-5434	29.0039	47.8283
MD	Tahnauti	MD-5437	28.8619	47.7411
MD	Tarasova	MD-5435	28.9636	47.8772
MD	Tareuca	MD-5438	28.8783	47.7514
MD	Tipova	MD-5421	28.9794	47.605
MD	Trifesti	MD-5436	28.8028	47.6764
MD	Andreevca	MD-5511	29.1711	47.7631
MD	Basarabca	MD-5525	29.1611	47.5764
MD	Beloci	MD-5512	28.9781	47.8892
MD	Brosteni	MD-5513	29.2614	47.8797
MD	Buschi	MD-5503	29.0778	47.7175
MD	Butuceni	MD-5514	29.0258	47.5336
MD	Chirov	MD-5536	29.0972	47.6511
MD	Cobasna	MD-5515	29.2061	47.7844
MD	Cobasna Loc.C.F.	MD-5515	29.2061	47.7844
MD	Crasnencoe	MD-5516	29.1397	47.8486
MD	Dimitrova	MD-5516	29.1433	47.8769
MD	Ghersunovca	MD-5535	29.1683	47.7211
MD	Ghidirim	MD-5517	28.9747	47.715
MD	Haraba	MD-5518	29.0881	47.8961
MD	Hirjau	MD-5519	29.0081	47.8069
MD	Ivanovca	MD-5520	29.1736	47.8778
MD	Jura	MD-5521	29.0431	47.5178
MD	Lenin	MD-5522	29.1903	47.6656
MD	Lisaia Gora	MD-5533	29.0686	47.7392
MD	Mihailovca	MD-5524	29.1192	47.4847
MD	Mocra	MD-5525	29.1517	47.6303
MD	Molochisul Mare	MD-5526	29.0558	47.8564
MD	Molochisul Mic	MD-5527	29.0342	47.9358
MD	Novaia Jizni	MD-5528	29.0833	47.6578
MD	Ofatinti	MD-5528	28.9961	47.6689
MD	Pervomaisc	MD-5522	29.2114	47.68
MD	Picalova	MD-5511	29.1097	47.7628
MD	Plopi	MD-5529	29.1639	47.9553
MD	Pobeda	MD-5522	29.1942	47.6192
MD	Popencu	MD-5530	29.0136	47.5958
MD	Ribnita 3	MD-5503	29.0778	47.7175
MD	Saratei	MD-5519	29.0208	47.8283
MD	Sevcenco	MD-5525	29.1839	47.5878
MD	Smalena	MD-5511	29.0758	47.7578
MD	Sovietscoe	MD-5531	29.145	47.9542
MD	Stanislavca	MD-5522	29.2069	47.6944
MD	Stroiesti	MD-5532	28.9325	47.8928
MD	Suhaia Ribnita	MD-5515	29.2061	47.7844
MD	Ulmu	MD-5533	29.1044	47.7467
MD	Ulmul Mic	MD-5533	29.1219	47.7528
MD	Vadul Turcului	MD-5534	28.9883	47.9403
MD	Varancau	MD-5535	29.1192	47.7056
MD	Vasilievca	MD-5531	29.1094	47.9406
MD	Vladimirovca	MD-5536	29.0961	47.6231
MD	Zaporojet	MD-5525	29.1372	47.5903
MD	Zazuleni	MD-5530	28.9919	47.6167
MD	Alexandresti	MD-5611	27.4311	47.8944
MD	Alunis	MD-5612	27.6494	47.8486
MD	Armanca	MD-5642	27.5269	47.9869
MD	Avrameni	MD-5614	27.2625	47.7861
MD	Balanul Nou	MD-5603	27.5025	47.9606
MD	Borosenii Noi	MD-5613	27.4725	47.9872
MD	Braniste	MD-5614	27.2558	47.7967
MD	Bulhac	MD-5640	27.675	47.9233
MD	Ceparia	MD-5640	27.7153	47.9322
MD	Ciobanovca	MD-5621	27.7586	47.8906
MD	Ciubara	MD-5615	27.5339	48.0778
MD	Corlateni	MD-5616	27.8392	47.8281
MD	Costesti	MD-5617	27.2586	47.8583
MD	Cucuietii Noi	MD-5611	27.42	47.8944
MD	Cucuietii Vechi	MD-5611	27.4356	47.9058
MD	Damascani	MD-5618	27.3056	47.8669
MD	Druta	MD-5633	27.2961	47.9667
MD	Dumeni	MD-5619	27.2031	47.9114
MD	Duruitoarea	MD-5618	27.26	47.8694
MD	Duruitoarea Noua	MD-5619	27.2475	47.8928
MD	Galaseni	MD-5620	27.3425	47.8689
MD	Grinauti	MD-5621	27.7783	47.8811
MD	Hiliuti	MD-5622	27.3869	47.9289
MD	Horodiste	MD-5623	27.2639	47.9539
MD	Ivanesti	MD-5614	27.4172	47.8878
MD	Luparia	MD-5625	27.5539	47.8758
MD	Malaiesti	MD-5624	27.3497	47.8828
MD	Malinovscoe	MD-5625	27.5075	47.885
MD	Mihaileni	MD-5626	27.6139	48.0408
MD	Mihailenii Noi	MD-5642	27.5325	48.0336
MD	Moseni	MD-5627	27.4469	48.0278
MD	Nihoreni	MD-5626	27.5619	47.9356
MD	Pascauti	MD-5628	27.2808	47.8353
MD	Petruseni	MD-5630	27.3131	47.8478
MD	Pirjota	MD-5631	27.4267	47.9572
MD	Pociumbauti	MD-5632	27.3236	47.9958
MD	Pociumbeni	MD-5633	27.3033	47.9781
MD	Proscureni	MD-5618	27.285	47.8672
MD	Racaria	MD-5634	27.6147	47.9097
MD	Ramazan	MD-5635	27.6153	47.9847
MD	Recea	MD-5636	27.6719	47.8964
MD	Reteni	MD-5614	27.2517	47.8117
MD	Reteni-Vasileuti	MD-5614	27.2614	47.8067
MD	Riscani	MD-5601	27.5539	47.9572
MD	Saptebani	MD-5638	27.3517	47.8972
MD	Singureni	MD-5616	27.8544	47.8242
MD	Slobozia-Recea	MD-5636	27.7019	47.8533
MD	Stepanovca	MD-5222	28.0069	47.895
MD	Stiubeieni	MD-5642	27.5114	48.0317
MD	Sturzeni	MD-5639	27.4606	47.915
MD	Sumna	MD-5640	27.7044	47.9211
MD	Sverdiac	MD-5637	27.7278	47.8958
MD	Usurei	MD-5641	27.5953	47.8908
MD	Varatic	MD-5643	27.2633	47.9169
MD	Vasileuti	MD-5642	27.5069	48.0072
MD	Zaicani	MD-5644	27.3678	47.97
MD	Alexandreni	MD-6211	28.0758	47.8056
MD	Alexeuca	MD-6220	28.2936	47.6872
MD	Antonovca	MD-6235	28.2383	47.6775
MD	Balasesti	MD-6212	28.3525	47.6611
MD	Bilicenii Noi	MD-6213	28.0367	47.6969
MD	Bilicenii Vechi	MD-6214	28.0472	47.6564
MD	Biruinta	MD-6202	28.0686	47.8161
MD	Bobletici	MD-6219	28.0544	47.4664
MD	Bocancea-Schit	MD-6224	28.1358	47.5111
MD	Brejeni	MD-6217	28.1403	47.5817
MD	Bursuceni	MD-6215	28.0139	47.4897
MD	Chirileni	MD-6228	28.1978	47.6911
MD	Chiscareni	MD-6216	28.0156	47.5594
MD	Ciuciuieni	MD-6217	28.1281	47.5581
MD	Cliscauti	MD-6230	28.2919	47.6097
MD	Coada Iazului	MD-6214	27.9936	47.6553
MD	Copaceni	MD-6218	28.2344	47.6178
MD	Coscodeni	MD-6219	28.0536	47.4886
MD	Cotiujenii Mici	MD-6220	28.3081	47.7033
MD	Cotovca	MD-6222	27.975	47.8522
MD	Cubolta	MD-6221	28.0389	47.8742
MD	Dobrogea Noua	MD-6222	27.9483	47.8278
MD	Dobrogea Veche	MD-6222	27.9319	47.8417
MD	Draganesti	MD-6223	28.2542	47.7214
MD	Dumbravita	MD-6224	28.1106	47.4808
MD	Evghenievca	MD-6235	28.2231	47.67
MD	Flaminzeni	MD-6219	28.09	47.4989
MD	Gavrilovca	MD-6235	28.2583	47.6439
MD	Grigorauca	MD-6225	28.1981	47.6214
MD	Grigoresti	MD-6211	28.0606	47.8003
MD	Gura-Oituz	MD-6220	28.3475	47.7019
MD	Heciul Nou	MD-6226	28.0606	47.7742
MD	Heciul Vechi	MD-6211	28.1006	47.7983
MD	Iezarenii Noi	MD-6227	28.0972	47.5886
MD	Iezarenii Vechi	MD-6227	28.0894	47.5653
MD	Izvoare	MD-6228	28.1967	47.7194
MD	Lipovanca	MD-6213	27.9844	47.6789
MD	Marasesti	MD-5020	28.0692	47.8642
MD	Marinesti	MD-6229	28.0589	47.725
MD	Mihailovca	MD-6230	28.2603	47.5914
MD	Mindrestii Noi	MD-6231	28.0336	47.7169
MD	Nicolaevca	MD-6232	28.2969	47.7539
MD	Octeabrscoe	MD-6233	27.9514	47.7128
MD	Palaria	MD-6241	27.9394	47.6867
MD	Pepeni	MD-6234	28.3406	47.6386
MD	Pepenii Noi	MD-6234	28.3397	47.6525
MD	Petropavlovca	MD-6225	28.2108	47.5925
MD	Petrovca	MD-6235	28.225	47.6608
MD	Prepelita	MD-6236	28.3414	47.5897
MD	Radoaia	MD-6237	28.16	47.7281
MD	Razalai	MD-6234	28.3592	47.6422
MD	Romanovca	MD-6234	28.2961	47.6581
MD	Sacarovca	MD-6223	28.2103	47.7069
MD	Sestaci	MD-6230	28.2911	47.6236
MD	Singerei	MD-6201	28.1419	47.6406
MD	Singereii Noi	MD-6238	28.0867	47.7208
MD	Slobozia-Chiscareni	MD-6239	28.0097	47.5731
MD	Slobozia-Magura	MD-6215	27.965	47.485
MD	Sloveanca	MD-6212	28.3822	47.6589
MD	Tambula	MD-6241	27.9247	47.6961
MD	Taura Noua	MD-6240	27.9081	47.5483
MD	Taura Veche	MD-6240	27.9519	47.5369
MD	Tiplesti	MD-6242	28.1547	47.8233
MD	Tipletesti	MD-6242	28.1236	47.8183
MD	Trifanesti	MD-6238	28.0983	47.7444
MD	Valea Lui Vlad	MD-6224	28.1308	47.4828
MD	Valea Norocului	MD-6243	28.2025	47.7656
MD	Vladimireuca	MD-6235	28.2322	47.6569
MD	Vranesti	MD-6203	28.1019	47.6231
MD	Andriasevca Noua	MD-5711	29.9558	46.8336
MD	Andriasevca Veche	MD-5711	29.9706	46.8228
MD	Blijnii Hutor	MD-5712	29.6433	46.8842
MD	Caragas	MD-5713	29.6797	46.7778
MD	Chitcani	MD-5714	29.6086	46.7856
MD	Cioburciu	MD-5715	29.7492	46.6831
MD	Constantinovca	MD-5728	29.8458	46.8522
MD	Corotna	MD-5717	29.8594	46.6292
MD	Crasnoe	MD-5706	29.8047	46.6514
MD	Frunza	MD-5718	29.8803	46.8283
MD	Hlinaia	MD-5719	29.8139	46.6342
MD	Merenesti	MD-5714	29.5378	46.7767
MD	Nezavertailovca	MD-5720	29.9314	46.6078
MD	Nicolscoie	MD-5728	29.8353	46.8483
MD	Novocotovsc	MD-5721	29.955	46.7656
MD	Novosavitcaia Loc.C.F.	MD-5718	29.9068	46.8142
MD	Parcani	MD-5722	29.5097	46.8522
MD	Pervomaisc	MD-5723	29.9586	46.7339
MD	Prioziornoe	MD-5718	29.9333	46.8
MD	Sucleia	MD-5725	29.6597	46.8211
MD	Tirnauca	MD-5727	29.5506	46.8114
MD	Uiutnoie	MD-5728	29.8353	46.8483
MD	Vladimirovca	MD-5728	29.8247	46.8444
MD	Zahorna	MD-5714	29.5947	46.7431
MD	Alcedar	MD-7211	28.8747	47.8681
MD	Chipesca	MD-7212	28.6086	47.7622
MD	Climautii De Jos	MD-7213	28.7978	47.9486
MD	Cobilea	MD-7214	28.6714	47.8658
MD	Cobilea Loc.C.F.	MD-7214	28.6714	47.8658
MD	Cot	MD-7215	28.7778	47.9789
MD	Cotiujenii Mari	MD-7216	28.5544	47.8436
MD	Curatura	MD-7217	28.9122	47.8783
MD	Cuselauca	MD-7216	28.5608	47.8769
MD	Cusmirca	MD-7218	28.7053	47.9064
MD	Dobrusa	MD-7219	28.5939	47.7853
MD	Fuzauca	MD-7220	28.7461	47.7417
MD	Gauzeni	MD-7221	28.5656	47.7544
MD	Glinjeni	MD-7222	27.89	47.5986
MD	Lelina	MD-7231	28.7472	47.925
MD	Mihuleni	MD-7223	28.8369	47.8306
MD	Odaia	MD-7211	28.8469	47.8567
MD	Oliscani	MD-7224	28.715	47.7981
MD	Parcani	MD-7225	28.8369	47.8175
MD	Pohoarna	MD-7226	28.4983	47.8294
MD	Poiana	MD-7227	28.8564	47.8872
MD	Raspopeni	MD-7228	28.6211	47.7456
MD	Recesti	MD-7229	28.5622	47.7864
MD	Rogojeni	MD-7230	28.4117	47.8253
MD	Rogojeni Loc.C.F.	MD-7230	28.4117	47.8253
MD	Salcia	MD-7231	28.7342	47.9506
MD	Samascani	MD-7233	28.6967	47.755
MD	Sestaci	MD-7234	28.7542	47.8614
MD	Sipca	MD-7235	28.8061	47.8481
MD	Socola	MD-7232	28.8133	47.9081
MD	Soldanesti	MD-7201	28.7967	47.8153
MD	Vadul-Rascov	MD-7236	28.8269	47.9386
MD	Zahorna	MD-7229	28.5528	47.7967
MD	Alexandru Cel Bun	MD-3050	28.3406	48.0969
MD	Badiceni	MD-3011	28.0544	48.2033
MD	Balinti	MD-3013	28.0236	48.3206
MD	Balintii Noi	MD-3013	28.0236	48.3206
MD	Baxani	MD-3012	28.0947	48.1239
MD	Bulboci	MD-3014	28.0839	48.0397
MD	Bulbocii Noi	MD-3014	28.1186	48.0603
MD	Cainarii Vechi	MD-3015	28.125	48.0081
MD	Cerlina	MD-6641	28.6075	48.0814
MD	Cosauti	MD-3016	28.2911	48.2289
MD	Cremenciug	MD-3052	28.0853	48.2769
MD	Curesnita	MD-3017	28.1764	48.2278
MD	Curesnita Noua	MD-3043	28.1225	48.1814
MD	Darcauti	MD-3018	27.9808	48.2278
MD	Darcautii Noi	MD-3018	28.0019	48.2097
MD	Decebal	MD-5138	27.9761	48.2969
MD	Dubna	MD-3019	28.3153	48.015
MD	Dumbraveni	MD-3020	28.2281	48.0506
MD	Egoreni	MD-3021	28.3595	48.2016
MD	Floriceni	MD-3015	28.0164	48.0208
MD	Grigorauca	MD-3022	28.0997	48.2078
MD	Holosnita	MD-3023	28.1769	48.2475
MD	Hristici	MD-3024	28.1839	48.1208
MD	Iarova	MD-3025	28.0494	48.3197
MD	Inundeni	MD-3035	28.3583	48.1247
MD	Iorjnita	MD-3026	28.2178	48.1933
MD	Livezi	MD-3039	28.0494	48.2358
MD	Lugovoe	MD-3033	28.1783	48.0703
MD	Malcauti	MD-3018	27.9408	48.2139
MD	Nimereuca	MD-6647	28.5356	48.1139
MD	Niorcani	MD-5128	27.9083	48.3072
MD	Oclanda	MD-3027	28.0603	48.2892
MD	Ocolina	MD-3028	28.2631	48.1256
MD	Parcani	MD-3029	28.2903	48.0619
MD	Pirlita	MD-3030	28.21	48.0758
MD	Racovat	MD-3031	28.4061	48.0825
MD	Redi-Ceresnovat	MD-3032	28.3175	48.0633
MD	Regina Maria	MD-3033	28.1408	48.0586
MD	Rublenita	MD-3034	28.2144	48.1683
MD	Rublenita Noua	MD-3034	28.1347	48.1536
MD	Rudi	MD-5133	27.8953	48.3344
MD	Ruslanovca	MD-3035	28.3725	48.1172
MD	Schineni	MD-3036	28.0958	48.0944
MD	Schinenii Noi	MD-3036	28.105	48.0717
MD	Septelici	MD-3042	28.1581	48.1997
MD	Slobozia-Cremene	MD-3037	28.4231	48.0406
MD	Slobozia-Noua	MD-5135	27.98	48.2589
MD	Slobozia-Varancau	MD-3038	28.4658	48.0664
MD	Sobari	MD-3039	28.0669	48.2319
MD	Solcani	MD-3043	28.1106	48.1733
MD	Solonet	MD-3040	28.4028	47.9958
MD	Stoicani	MD-3041	28.3639	48.0267
MD	Tatarauca Noua	MD-5137	27.9739	48.3164
MD	Tatarauca Veche	MD-5138	27.9761	48.2969
MD	Tepilova	MD-3045	28.2328	48.1253
MD	Tolocanesti	MD-5128	27.9083	48.3072
MD	Trifauti	MD-3044	28.3842	48.1617
MD	Vadeni	MD-3047	28.2272	48.0108
MD	Valea	MD-3039	28.0653	48.2433
MD	Vantina	MD-3030	28.1914	48.0967
MD	Vantina Mica	MD-3030	28.2007	48.0862
MD	Varancau	MD-3048	28.515	48.0653
MD	Vasilcau	MD-3046	28.4214	48.1383
MD	Visoca	MD-5142	27.9225	48.2469
MD	Voloave	MD-3049	28.2925	48.0936
MD	Volovita	MD-3050	28.3228	48.1031
MD	Zastinca	MD-3051	28.3061	48.1272
MD	Alava	MD-4211	29.5678	46.5092
MD	Antonesti	MD-4212	29.8486	46.4961
MD	Brezoaia	MD-4213	29.4539	46.5208
MD	Caplani	MD-4215	29.8714	46.3872
MD	Carahasani	MD-4214	29.8122	46.4675
MD	Cioburciu	MD-4216	29.7083	46.6003
MD	Crocmaz	MD-4218	29.9825	46.4519
MD	Ermoclia	MD-4219	29.5097	46.5808
MD	Festelita	MD-4220	29.5656	46.5444
MD	Hadjilari **	MD-4224	29.6014	46.5206
MD	Lazo	MD-4222	29.5764	46.4878
MD	Marianca De Jos	MD-4224	29.6014	46.5206
MD	Palanca	MD-4227	30.0961	46.4086
MD	Popeasca	MD-4228	29.5369	46.6025
MD	Purcari	MD-4229	29.8603	46.5369
MD	Rascaieti	MD-4230	29.7761	46.5744
MD	Rascaietii Noi	MD-4231	29.7733	46.5325
MD	Semionovca	MD-4232	29.5122	46.5167
MD	Slobozia	MD-4233	29.7403	46.5081
MD	Stefan-Voda	MD-4201	29.6631	46.5153
MD	Stefanesti	MD-4236	29.6878	46.4458
MD	Tudora	MD-4239	30.0425	46.435
MD	Viisoara	MD-4240	29.8256	46.5469
MD	Volintiri	MD-4241	29.6058	46.4267
MD	Bucovat	MD-3711	28.4569	47.1886
MD	Capriana	MD-3712	28.5044	47.1175
MD	Chirianca	MD-3713	28.5328	47.2558
MD	Ciobanca	MD-3725	28.5022	47.145
MD	Codreanca	MD-3714	28.5897	47.2867
MD	Cojusna	MD-3715	28.6581	47.0928
MD	Dolna	MD-6425	28.2703	47.1219
MD	Draguseni	MD-3716	28.6642	47.2142
MD	Fagureni	MD-3703	28.5628	47.1453
MD	Galesti	MD-3717	28.4981	47.2281
MD	Galestii Noi	MD-3717	28.4956	47.2075
MD	Ghelauza	MD-3718	28.5967	47.1936
MD	Greblesi	MD-3720	28.6069	47.2353
MD	Huzun	MD-6431	28.3217	47.1214
MD	Lozova	MD-3721	28.3858	47.1328
MD	Lupa-Recea	MD-3714	28.5925	47.3128
MD	Martinesti	MD-3720	28.6069	47.2353
MD	Micauti	MD-3722	28.7489	47.1722
MD	Micleuseni	MD-6431	28.3081	47.1228
MD	Negresti	MD-3723	28.6247	47.1778
MD	Onesti	MD-3724	28.5511	47.2786
MD	Panasesti	MD-3725	28.5186	47.1531
MD	Radeni	MD-3726	28.6992	47.2067
MD	Rassvet	MD-4435	28.4283	47.2031
MD	Recea	MD-3727	28.5806	47.2217
MD	Romanesti	MD-3728	28.7111	47.2258
MD	Roscani	MD-3729	28.6778	47.1475
MD	Saca	MD-3718	28.6108	47.1942
MD	Scoreni	MD-3730	28.6086	47.0647
MD	Sireti	MD-3731	28.7142	47.1339
MD	Stejareni	MD-3721	28.4164	47.1061
MD	Tataresti	MD-3732	28.5386	47.2044
MD	Tiganesti	MD-3734	28.5522	47.2989
MD	Voinova	MD-3735	28.4872	47.2706
MD	Vorniceni	MD-3736	28.4294	47.1497
MD	Zamciogi	MD-3738	28.7233	47.2044
MD	Zubresti	MD-3739	28.5258	47.2386
MD	Albota De Jos	MD-7411	28.4844	45.9458
MD	Albota De Sus	MD-7412	28.4742	45.9733
MD	Aluatu	MD-7413	28.5858	45.8661
MD	Balabanu	MD-7414	28.5811	45.9319
MD	Budai	MD-7416	28.4664	45.8489
MD	Cairaclia	MD-7417	28.6244	45.7783
MD	Cealic	MD-7419	28.5542	45.9956
MD	Chirilovca	MD-7418	28.5764	45.8167
MD	Ciumai	MD-7420	28.5697	45.7822
MD	Corten	MD-7421	28.7361	46.0144
MD	Cortenul Nou	MD-7419	28.5703	46.0042
MD	Dermengi	MD-7416	28.4147	45.88
MD	Hagichioi	MD-7411	28.4622	45.9256
MD	Hirtop	MD-7411	28.4928	45.9206
MD	Mirnoe	MD-7423	28.5811	45.7375
MD	Musaitu	MD-7424	28.505	45.8206
MD	Novosiolovca	MD-7425	28.6017	45.9006
MD	Orehovca	MD-7426	28.5278	45.9089
MD	Rosita	MD-7412	28.4722	46.0333
MD	Salcia	MD-7426	28.5158	45.8758
MD	Samurza	MD-7419	28.5647	45.9769
MD	Sofievca	MD-7412	28.4717	46.0086
MD	Tvardita	MD-7422	28.9656	46.1547
MD	Valea Perjei	MD-7427	28.925	46.0339
MD	Vinogradovca	MD-7426	28.5347	45.8042
MD	Banesti	MD-5811	28.3783	47.5722
MD	Banestii Noi	MD-5811	28.4033	47.5867
MD	Bogzesti	MD-5812	28.4283	47.4247
MD	Bondareuca	MD-5839	28.1658	47.5728
MD	Brinzenii Noi	MD-5813	28.4864	47.6572
MD	Brinzenii Vechi	MD-5813	28.4725	47.6583
MD	Budai	MD-5810	28.3494	47.4567
MD	Cazanesti	MD-5814	28.4728	47.6153
MD	Chersac	MD-5827	28.5842	47.6375
MD	Chistelnita	MD-5815	28.6608	47.5681
MD	Chitcanii Noi	MD-5816	28.4819	47.5653
MD	Chitcanii Vechi	MD-5816	28.5011	47.5928
MD	Ciofu	MD-5839	28.2217	47.5642
MD	Cisla	MD-5817	28.2269	47.4947
MD	Ciulucani	MD-5840	28.3431	47.5053
MD	Codru	MD-5824	28.2692	47.4656
MD	Codrul Nou	MD-5834	28.5772	47.5478
MD	Coropceni	MD-5838	28.5222	47.4761
MD	Cozesti	MD-5839	28.1817	47.5692
MD	Crasnaseni	MD-5818	28.3989	47.4333
MD	Cucioaia	MD-5841	28.1858	47.4603
MD	Cucioaia Noua	MD-5841	28.1667	47.4856
MD	Dobrusa	MD-5827	28.5567	47.6144
MD	Flutura	MD-5833	28.5475	47.6883
MD	Ghermanesti	MD-5819	28.5172	47.4403
MD	Ghiliceni	MD-5820	28.2067	47.4794
MD	Hiriseni	MD-5821	28.2867	47.4353
MD	Hirtop	MD-5828	28.4839	47.7053
MD	Inesti	MD-5822	28.3981	47.5028
MD	Izvoras*	MD-5801	28.3656	47.4997
MD	Leuseni	MD-5823	28.4353	47.4828
MD	Mihalasa	MD-5802	28.34	47.495
MD	Mihalasa Noua	MD-5802	28.3283	47.5078
MD	Mindra	MD-5829	28.5261	47.535
MD	Mindresti	MD-5825	28.2769	47.5072
MD	Moara *	MD-5828	28.4715	47.6951
MD	Negureni	MD-5826	28.5111	47.6017
MD	Nucareni	MD-5827	28.5833	47.5936
MD	Ordasei	MD-5828	28.4964	47.6833
MD	Pistruieni	MD-5828	28.4881	47.6922
MD	Pistruienii Noi	MD-5828	28.4178	47.6994
MD	Ratus	MD-5829	28.5033	47.5369
MD	Saratenii Noi	MD-5832	28.5014	47.5092
MD	Saratenii Vechi	MD-5830	28.5531	47.5261
MD	Scorteni	MD-5831	28.6464	47.6414
MD	Suhuluceni	MD-5832	28.5183	47.4664
MD	Telenesti	MD-5801	28.3656	47.4997
MD	Tintareni	MD-5834	28.5625	47.5703
MD	Tirsitei	MD-5833	28.5772	47.6922
MD	Vadul-Leca	MD-5814	28.465	47.6242
MD	Vadul-Leca Nou	MD-5814	28.4361	47.6181
MD	Vasieni	MD-5835	28.4444	47.4608
MD	Verejeni	MD-5836	28.4706	47.5342
MD	Zahareuca	MD-5830	28.5994	47.5317
MD	Zaicani	MD-5829	28.5081	47.5214
MD	Zaicanii Noi	MD-5829	28.5125	47.5311
MD	Zgardesti	MD-5837	28.1944	47.5314
MD	Cremenciug	MD-3351	29.6739	46.7086
MD	Dnestrovsc	MD-3352	29.9133	46.6222
MD	Tiraspol	MD-3300	29.6433	46.8403
MD	Tiraspolul Nou	MD-3311	29.5767	46.8319
MD	Izvoreni	MD-3613	27.9761	47.4308
MD	Alexeevca	MD-3612	27.9297	47.2636
MD	Blindesti	MD-3644	27.6692	47.3131
MD	Boghenii Noi	MD-3613	28.0144	47.4253
MD	Boghenii Vechi	MD-3614	28.0261	47.3972
MD	Buciumeni	MD-3627	27.7136	47.3706
MD	Buciumeni Loc.C.F.	MD-3627	27.7136	47.3706
MD	Bulhac	MD-3647	27.7425	47.4281
MD	Bumbata	MD-3615	27.9744	47.3408
MD	Busila	MD-3616	27.8117	47.3875
MD	Buzduganii De Jos	MD-3651	27.8194	47.1436
MD	Buzduganii De Sus	MD-3651	27.8625	47.1608
MD	Cetireni	MD-3617	27.9033	47.2242
MD	Chirileni	MD-3618	27.7761	47.3808
MD	Cioropcani	MD-3619	27.6997	47.3978
MD	Condratesti	MD-3620	28.1122	47.4122
MD	Cornesti Oras	MD-3608	27.9869	47.3835
MD	Cornova	MD-3622	28.1717	47.3947
MD	Coseni	MD-3624	27.9261	47.4406
MD	Costuleni	MD-3623	27.9119	47.0781
MD	Curtoaia	MD-3620	28.1047	47.3928
MD	Drujba	MD-3625	28.0761	47.4328
MD	Elizavetovca	MD-3606	27.8228	47.2436
MD	Floreni	MD-3644	27.6639	47.3464
MD	Floresti	MD-3627	27.7136	47.3706
MD	Floritoaia Noua	MD-3626	27.9253	47.1672
MD	Floritoaia Veche	MD-3626	27.9078	47.2064
MD	Frasinesti	MD-3628	28.0128	47.0344
MD	Gherman	MD-3629	27.6025	47.3594
MD	Graseni	MD-3630	27.8353	47.3503
MD	Grozasca	MD-3626	27.8944	47.1811
MD	Hircesti	MD-3631	28.0864	47.3953
MD	Hristoforovca	MD-3641	27.9183	47.3547
MD	Leordoaia	MD-3631	28.1406	47.3367
MD	Lidovca	MD-3612	27.8944	47.2786
MD	Macaresti	MD-3632	27.9747	47.05
MD	Magurele	MD-3633	27.9711	47.4608
MD	Manoilesti	MD-3634	27.8831	47.2367
MD	Medeleni	MD-3635	27.6908	47.2956
MD	Minzatesti	MD-3636	28.065	47.3942
MD	Mircesti	MD-3613	27.9956	47.4031
MD	Morenii Noi	MD-3637	27.9197	47.1219
MD	Morenii Vechi	MD-3637	27.8847	47.125
MD	Napadeni	MD-3638	28.1506	47.4025
MD	Negurenii Noi	MD-3639	27.8886	47.4003
MD	Negurenii Vechi	MD-3639	27.8797	47.4161
MD	Novaia Nicolaevca	MD-3606	27.8458	47.2689
MD	Petresti	MD-3640	27.7453	47.3067
MD	Petresti Loc.C.F.	MD-3640	27.7453	47.3067
MD	Pirlita	MD-3641	27.8733	47.3194
MD	Poiana	MD-3608	28	47.3917
MD	Pojarna	MD-3646	28.0856	47.335
MD	Radenii Vechi	MD-3642	28	47.2969
MD	Rezina	MD-3643	27.8756	47.2144
MD	Romanovca	MD-3608	27.9739	47.3753
MD	Saghieni	MD-3612	27.9719	47.2461
MD	Sculeni	MD-3644	27.6314	47.3228
MD	Semeni	MD-3645	27.7519	47.2686
MD	Sicovat	MD-3637	27.9086	47.1061
MD	Sinesti	MD-3646	28.0489	47.3908
MD	Stolniceni	MD-3647	27.7139	47.4111
MD	Tescureni	MD-3648	27.9531	47.4117
MD	Tighira	MD-3624	27.9019	47.4447
MD	Todiresti	MD-3649	27.82	47.3186
MD	Ungheni 6	MD-3606	27.8343	47.2562
MD	Untesti	MD-3650	27.8228	47.2436
MD	Valea Mare	MD-3651	27.8608	47.1353
MD	Vulpesti	MD-3634	27.9081	47.2358
MD	Zagarancea	MD-3652	27.7611	47.2425
MD	Zazulenii Noi	MD-3639	27.8706	47.3819
MD	Zazulenii Vechi	MD-3639	27.8561	47.4114
MD	Carbalia	MD-5355	28.4458	45.8733
MD	Cazaclia	MD-6113	28.6628	46.0103
MD	Chioselia Rusa	MD-3814	28.5164	46.0833
MD	Chiriet Lunga	MD-6117	28.9442	46.2092
MD	Chirsova	MD-3813	28.6481	46.2339
MD	Cioc-Maidan	MD-3818	28.8219	46.3581
MD	Cirlaneni	MD-3815	28.5136	46.1606
MD	Cismichioi	MD-5351	28.3828	45.5444
MD	Congaz	MD-3819	28.6044	46.1092
MD	Congaz 1	MD-3815	28.5136	46.1606
MD	Congazcic	MD-3816	28.5506	46.3241
MD	Congazcicul De Jos	MD-3816	28.5714	46.3114
MD	Congazcicul De Sus	MD-3816	28.5664	46.3333
MD	Copceac	MD-6118	28.6925	45.8517
MD	Cotovscoe-Cirlaneni	MD-3815	28.5136	46.1606
